,time_diff,close,volume,match_hr,match_min,match_sec,match_ms,time_in_ms
179,0,1792200,309,8,45,0,84,31500084
180,16,1792200,1,8,45,0,100,31500100
181,0,1792200,57,8,45,0,100,31500100
182,4,1792200,10,8,45,0,104,31500104
183,2,1792200,1,8,45,0,106,31500106
184,1,1792200,1,8,45,0,107,31500107
185,111,1792200,6,8,45,0,218,31500218
186,37,1792200,2,8,45,0,255,31500255
187,2,1792200,2,8,45,0,257,31500257
188,3,1792200,2,8,45,0,260,31500260
189,36,1792200,1,8,45,0,296,31500296
190,6,1792200,1,8,45,0,302,31500302
191,20,1792200,1,8,45,0,322,31500322
192,3,1792200,1,8,45,0,325,31500325
193,3,1792200,1,8,45,0,328,31500328
194,10,1792200,1,8,45,0,338,31500338
195,17,1792200,1,8,45,0,355,31500355
196,2,1792200,2,8,45,0,357,31500357
197,6,1792300,2,8,45,0,363,31500363
198,13,1792300,6,8,45,0,376,31500376
199,1,1792200,1,8,45,0,377,31500377
200,6,1792300,1,8,45,0,383,31500383
201,0,1792300,1,8,45,0,383,31500383
202,0,1792300,1,8,45,0,383,31500383
203,0,1792300,1,8,45,0,383,31500383
204,1,1792300,3,8,45,0,384,31500384
205,1,1792300,2,8,45,0,385,31500385
207,0,1792400,1,8,45,0,385,31500385
208,0,1792400,1,8,45,0,385,31500385
209,5,1792300,1,8,45,0,390,31500390
211,20,1792200,2,8,45,0,410,31500410
212,4,1792200,1,8,45,0,414,31500414
213,8,1792200,4,8,45,0,422,31500422
214,2,1792200,2,8,45,0,424,31500424
215,8,1792200,2,8,45,0,432,31500432
216,7,1792500,2,8,45,0,439,31500439
217,15,1792200,2,8,45,0,454,31500454
218,0,1792200,2,8,45,0,454,31500454
219,3,1792500,1,8,45,0,457,31500457
220,36,1792200,2,8,45,0,493,31500493
221,0,1792500,1,8,45,0,493,31500493
222,3,1792200,1,8,45,0,496,31500496
223,1,1792200,2,8,45,0,497,31500497
224,7,1792200,1,8,45,0,504,31500504
225,5,1792500,1,8,45,0,509,31500509
226,5,1792300,1,8,45,0,514,31500514
227,3,1792300,2,8,45,0,517,31500517
228,4,1792300,1,8,45,0,521,31500521
229,5,1792200,2,8,45,0,526,31500526
230,0,1792200,8,8,45,0,526,31500526
231,15,1792300,1,8,45,0,541,31500541
233,0,1792500,1,8,45,0,541,31500541
234,0,1792500,1,8,45,0,541,31500541
235,1,1792500,1,8,45,0,542,31500542
236,25,1792500,1,8,45,0,567,31500567
237,0,1792500,1,8,45,0,567,31500567
238,21,1792500,2,8,45,0,588,31500588
239,2,1792300,2,8,45,0,590,31500590
240,5,1792300,1,8,45,0,595,31500595
242,8,1792200,3,8,45,0,603,31500603
243,17,1792500,1,8,45,0,620,31500620
244,2,1792500,1,8,45,0,622,31500622
246,22,1792300,1,8,45,0,644,31500644
247,1,1792300,1,8,45,0,645,31500645
248,0,1792200,1,8,45,0,645,31500645
249,4,1792200,8,8,45,0,649,31500649
250,0,1792200,8,8,45,0,649,31500649
251,3,1792200,2,8,45,0,652,31500652
252,6,1792300,1,8,45,0,658,31500658
253,17,1792200,1,8,45,0,675,31500675
254,2,1792200,1,8,45,0,677,31500677
255,0,1792200,1,8,45,0,677,31500677
256,39,1792200,1,8,45,0,716,31500716
257,1,1792300,1,8,45,0,717,31500717
258,0,1792200,1,8,45,0,717,31500717
259,4,1792300,1,8,45,0,721,31500721
260,0,1792200,1,8,45,0,721,31500721
261,6,1792200,1,8,45,0,727,31500727
262,8,1792400,2,8,45,0,735,31500735
263,23,1792200,3,8,45,0,758,31500758
264,0,1792200,1,8,45,0,758,31500758
265,0,1792200,2,8,45,0,758,31500758
266,3,1792400,1,8,45,0,761,31500761
267,3,1792200,1,8,45,0,764,31500764
268,6,1792200,2,8,45,0,770,31500770
269,4,1792200,4,8,45,0,774,31500774
270,1,1792200,1,8,45,0,775,31500775
271,0,1792200,1,8,45,0,775,31500775
272,0,1792200,1,8,45,0,775,31500775
273,0,1792200,1,8,45,0,775,31500775
274,2,1792400,1,8,45,0,777,31500777
275,9,1792200,2,8,45,0,786,31500786
276,4,1792200,3,8,45,0,790,31500790
277,3,1792200,2,8,45,0,793,31500793
278,1,1792200,2,8,45,0,794,31500794
279,3,1792200,4,8,45,0,797,31500797
280,11,1792200,1,8,45,0,808,31500808
281,5,1792200,1,8,45,0,813,31500813
282,0,1792200,1,8,45,0,813,31500813
283,18,1792200,2,8,45,0,831,31500831
284,7,1792200,1,8,45,0,838,31500838
285,18,1792200,1,8,45,0,856,31500856
286,0,1792200,1,8,45,0,856,31500856
287,18,1792200,2,8,45,0,874,31500874
288,10,1792200,1,8,45,0,884,31500884
289,9,1792200,3,8,45,0,893,31500893
291,8,1792000,1,8,45,0,901,31500901
292,0,1792000,1,8,45,0,901,31500901
293,0,1792000,1,8,45,0,901,31500901
294,1,1792000,1,8,45,0,902,31500902
295,1,1792000,1,8,45,0,903,31500903
296,1,1792000,1,8,45,0,904,31500904
297,7,1792300,5,8,45,0,911,31500911
298,4,1792000,4,8,45,0,915,31500915
299,0,1792300,2,8,45,0,915,31500915
301,1,1792500,1,8,45,0,916,31500916
302,7,1792500,1,8,45,0,923,31500923
303,7,1792500,4,8,45,0,930,31500930
304,46,1792200,1,8,45,0,976,31500976
306,26,1792000,2,8,45,1,2,31501002
307,9,1792000,2,8,45,1,11,31501011
308,6,1792000,1,8,45,1,17,31501017
310,7,1792000,1,8,45,1,24,31501024
311,2,1792100,1,8,45,1,26,31501026
312,0,1792100,1,8,45,1,26,31501026
313,0,1792100,1,8,45,1,26,31501026
315,21,1792000,3,8,45,1,47,31501047
316,2,1792200,1,8,45,1,49,31501049
317,11,1792100,1,8,45,1,60,31501060
318,75,1792100,1,8,45,1,135,31501135
319,15,1792100,4,8,45,1,150,31501150
321,4,1792300,6,8,45,1,154,31501154
322,1,1792300,1,8,45,1,155,31501155
323,0,1792300,1,8,45,1,155,31501155
324,0,1792300,1,8,45,1,155,31501155
325,8,1792300,1,8,45,1,163,31501163
326,0,1792300,1,8,45,1,163,31501163
328,110,1792100,1,8,45,1,273,31501273
329,13,1792300,1,8,45,1,286,31501286
330,57,1792000,1,8,45,1,343,31501343
331,1,1792000,1,8,45,1,344,31501344
332,0,1791900,1,8,45,1,344,31501344
333,1,1791900,1,8,45,1,345,31501345
334,2,1791900,1,8,45,1,347,31501347
335,21,1791900,1,8,45,1,368,31501368
336,6,1791800,1,8,45,1,374,31501374
337,20,1791800,1,8,45,1,394,31501394
338,35,1791900,1,8,45,1,429,31501429
339,61,1792000,1,8,45,1,490,31501490
340,27,1792000,1,8,45,1,517,31501517
341,1,1792000,3,8,45,1,518,31501518
342,13,1791800,1,8,45,1,531,31501531
343,2,1792000,3,8,45,1,533,31501533
344,14,1792000,1,8,45,1,547,31501547
345,26,1792000,1,8,45,1,573,31501573
346,11,1792100,1,8,45,1,584,31501584
347,33,1791800,5,8,45,1,617,31501617
349,5,1791700,3,8,45,1,622,31501622
350,13,1791700,3,8,45,1,635,31501635
351,0,1791700,2,8,45,1,635,31501635
353,30,1791700,1,8,45,1,665,31501665
354,9,1791900,2,8,45,1,674,31501674
355,0,1791900,2,8,45,1,674,31501674
357,24,1791900,1,8,45,1,698,31501698
358,15,1792100,3,8,45,1,713,31501713
359,0,1792100,1,8,45,1,713,31501713
360,0,1792100,1,8,45,1,713,31501713
361,0,1792100,1,8,45,1,713,31501713
362,44,1792300,1,8,45,1,757,31501757
363,37,1791900,2,8,45,1,794,31501794
364,46,1792000,1,8,45,1,840,31501840
365,10,1791900,3,8,45,1,850,31501850
367,34,1792100,4,8,45,1,884,31501884
368,34,1792000,1,8,45,1,918,31501918
370,10,1791900,3,8,45,1,928,31501928
372,9,1791900,1,8,45,1,937,31501937
373,3,1792100,1,8,45,1,940,31501940
374,10,1791900,1,8,45,1,950,31501950
375,45,1791900,1,8,45,1,995,31501995
376,27,1792000,2,8,45,2,22,31502022
378,0,1792100,1,8,45,2,22,31502022
379,1,1792100,5,8,45,2,23,31502023
380,0,1792100,1,8,45,2,23,31502023
381,1,1791800,1,8,45,2,24,31502024
382,34,1791900,1,8,45,2,58,31502058
383,77,1792000,1,8,45,2,135,31502135
384,12,1791800,1,8,45,2,147,31502147
385,29,1791800,1,8,45,2,176,31502176
386,60,1791900,1,8,45,2,236,31502236
387,36,1792100,1,8,45,2,272,31502272
388,23,1792200,1,8,45,2,295,31502295
389,92,1791800,2,8,45,2,387,31502387
391,4,1791800,1,8,45,2,391,31502391
392,19,1791900,1,8,45,2,410,31502410
393,12,1792000,1,8,45,2,422,31502422
394,220,1791900,1,8,45,2,642,31502642
395,36,1792000,1,8,45,2,678,31502678
396,15,1791700,1,8,45,2,693,31502693
397,33,1792000,1,8,45,2,726,31502726
398,14,1792000,1,8,45,2,740,31502740
399,40,1791800,1,8,45,2,780,31502780
400,40,1792100,1,8,45,2,820,31502820
401,113,1792000,1,8,45,2,933,31502933
402,57,1792000,1,8,45,2,990,31502990
403,1,1792000,1,8,45,2,991,31502991
404,27,1791900,1,8,45,3,18,31503018
405,71,1792100,2,8,45,3,89,31503089
406,66,1792000,1,8,45,3,155,31503155
407,54,1791900,1,8,45,3,209,31503209
408,10,1791900,1,8,45,3,219,31503219
409,14,1792000,2,8,45,3,233,31503233
410,39,1792200,1,8,45,3,272,31503272
411,2,1792000,3,8,45,3,274,31503274
412,0,1792000,3,8,45,3,274,31503274
413,0,1792000,3,8,45,3,274,31503274
415,1,1792100,1,8,45,3,275,31503275
416,0,1791900,1,8,45,3,275,31503275
417,7,1792000,1,8,45,3,282,31503282
418,26,1792000,3,8,45,3,308,31503308
419,16,1792100,1,8,45,3,324,31503324
420,50,1791900,1,8,45,3,374,31503374
421,20,1792100,1,8,45,3,394,31503394
422,0,1792200,1,8,45,3,394,31503394
423,55,1792000,1,8,45,3,449,31503449
424,161,1792100,1,8,45,3,610,31503610
425,0,1792100,1,8,45,3,610,31503610
426,22,1792100,3,8,45,3,632,31503632
427,16,1792000,1,8,45,3,648,31503648
428,69,1792000,2,8,45,3,717,31503717
429,10,1791900,2,8,45,3,727,31503727
431,1,1792200,2,8,45,3,728,31503728
432,37,1791900,3,8,45,3,765,31503765
433,32,1791900,1,8,45,3,797,31503797
434,65,1791900,1,8,45,3,862,31503862
436,17,1791800,1,8,45,3,879,31503879
437,40,1791900,1,8,45,3,919,31503919
438,31,1792000,3,8,45,3,950,31503950
439,13,1791900,1,8,45,3,963,31503963
440,4,1791800,1,8,45,3,967,31503967
441,61,1791800,2,8,45,4,28,31504028
442,0,1791800,3,8,45,4,28,31504028
443,20,1791800,1,8,45,4,48,31504048
445,20,1791600,3,8,45,4,68,31504068
446,13,1791600,1,8,45,4,81,31504081
447,70,1791600,1,8,45,4,151,31504151
448,24,1791600,3,8,45,4,175,31504175
449,10,1791800,3,8,45,4,185,31504185
450,2,1791600,1,8,45,4,187,31504187
451,69,1791500,1,8,45,4,256,31504256
452,37,1791500,1,8,45,4,293,31504293
453,5,1791500,1,8,45,4,298,31504298
454,21,1791500,1,8,45,4,319,31504319
455,27,1791500,1,8,45,4,346,31504346
456,57,1791500,2,8,45,4,403,31504403
457,5,1791700,1,8,45,4,408,31504408
458,28,1791500,1,8,45,4,436,31504436
459,20,1791500,3,8,45,4,456,31504456
460,30,1791500,2,8,45,4,486,31504486
461,6,1791500,2,8,45,4,492,31504492
462,40,1791500,1,8,45,4,532,31504532
463,13,1791500,1,8,45,4,545,31504545
464,11,1791500,3,8,45,4,556,31504556
465,15,1791500,1,8,45,4,571,31504571
466,0,1791500,2,8,45,4,571,31504571
467,1,1791500,1,8,45,4,572,31504572
468,1,1791600,2,8,45,4,573,31504573
469,3,1791500,1,8,45,4,576,31504576
470,8,1791500,1,8,45,4,584,31504584
471,51,1791400,1,8,45,4,635,31504635
472,5,1791600,1,8,45,4,640,31504640
473,36,1791400,1,8,45,4,676,31504676
474,15,1791400,1,8,45,4,691,31504691
475,149,1791400,1,8,45,4,840,31504840
476,6,1791600,2,8,45,4,846,31504846
477,17,1791400,2,8,45,4,863,31504863
478,10,1791400,1,8,45,4,873,31504873
479,11,1791300,1,8,45,4,884,31504884
480,15,1791300,1,8,45,4,899,31504899
481,25,1791300,1,8,45,4,924,31504924
482,10,1791300,3,8,45,4,934,31504934
483,10,1791300,1,8,45,4,944,31504944
484,7,1791300,1,8,45,4,951,31504951
485,39,1791300,1,8,45,4,990,31504990
486,81,1791300,2,8,45,5,71,31505071
488,10,1791200,2,8,45,5,81,31505081
489,37,1791200,2,8,45,5,118,31505118
490,2,1791200,2,8,45,5,120,31505120
491,37,1791200,1,8,45,5,157,31505157
492,41,1791200,2,8,45,5,198,31505198
493,10,1791100,3,8,45,5,208,31505208
494,10,1791100,1,8,45,5,218,31505218
495,76,1791100,3,8,45,5,294,31505294
496,10,1791100,1,8,45,5,304,31505304
497,0,1791100,2,8,45,5,304,31505304
498,9,1791100,2,8,45,5,313,31505313
499,39,1791200,1,8,45,5,352,31505352
500,10,1791300,1,8,45,5,362,31505362
501,24,1791100,2,8,45,5,386,31505386
502,65,1791100,3,8,45,5,451,31505451
503,3,1791000,1,8,45,5,454,31505454
504,38,1791000,1,8,45,5,492,31505492
505,37,1791000,1,8,45,5,529,31505529
506,4,1791000,6,8,45,5,533,31505533
507,10,1791000,3,8,45,5,543,31505543
508,75,1791000,3,8,45,5,618,31505618
509,22,1790900,2,8,45,5,640,31505640
510,66,1790900,2,8,45,5,706,31505706
511,20,1790900,2,8,45,5,726,31505726
512,31,1790900,1,8,45,5,757,31505757
513,31,1790900,1,8,45,5,788,31505788
514,13,1790900,1,8,45,5,801,31505801
515,28,1790800,4,8,45,5,829,31505829
516,31,1790800,2,8,45,5,860,31505860
517,10,1790800,2,8,45,5,870,31505870
518,44,1790800,1,8,45,5,914,31505914
519,13,1790800,3,8,45,5,927,31505927
520,11,1790900,1,8,45,5,938,31505938
522,37,1790800,1,8,45,5,975,31505975
523,6,1790800,1,8,45,5,981,31505981
524,2,1790800,3,8,45,5,983,31505983
526,0,1790700,1,8,45,5,983,31505983
527,5,1790700,3,8,45,5,988,31505988
528,0,1790700,1,8,45,5,988,31505988
529,0,1790700,2,8,45,5,988,31505988
530,0,1790700,1,8,45,5,988,31505988
531,0,1790700,1,8,45,5,988,31505988
532,0,1790700,1,8,45,5,988,31505988
533,33,1790700,1,8,45,6,21,31506021
534,41,1790700,3,8,45,6,62,31506062
535,82,1790700,1,8,45,6,144,31506144
536,27,1790700,1,8,45,6,171,31506171
537,6,1790700,1,8,45,6,177,31506177
538,0,1790700,4,8,45,6,177,31506177
539,27,1790600,1,8,45,6,204,31506204
540,18,1790600,1,8,45,6,222,31506222
541,51,1790600,1,8,45,6,273,31506273
542,17,1790600,2,8,45,6,290,31506290
543,32,1790600,3,8,45,6,322,31506322
544,1,1790600,1,8,45,6,323,31506323
545,28,1790600,2,8,45,6,351,31506351
546,10,1790600,2,8,45,6,361,31506361
547,10,1790500,1,8,45,6,371,31506371
548,2,1790500,1,8,45,6,373,31506373
549,53,1790500,2,8,45,6,426,31506426
550,20,1790500,2,8,45,6,446,31506446
551,51,1790500,2,8,45,6,497,31506497
552,1,1790500,1,8,45,6,498,31506498
553,0,1790500,1,8,45,6,498,31506498
554,32,1790400,2,8,45,6,530,31506530
555,12,1790400,3,8,45,6,542,31506542
556,6,1790500,2,8,45,6,548,31506548
557,39,1790400,4,8,45,6,587,31506587
558,13,1790400,1,8,45,6,600,31506600
559,12,1790400,1,8,45,6,612,31506612
560,6,1790300,2,8,45,6,618,31506618
561,6,1790500,1,8,45,6,624,31506624
562,15,1790300,1,8,45,6,639,31506639
563,5,1790300,1,8,45,6,644,31506644
564,5,1790500,1,8,45,6,649,31506649
565,51,1790300,1,8,45,6,700,31506700
566,25,1790400,2,8,45,6,725,31506725
567,27,1790300,1,8,45,6,752,31506752
568,34,1790300,1,8,45,6,786,31506786
569,16,1790300,3,8,45,6,802,31506802
570,14,1790300,1,8,45,6,816,31506816
571,42,1790400,1,8,45,6,858,31506858
572,56,1790300,1,8,45,6,914,31506914
573,28,1790300,3,8,45,6,942,31506942
575,49,1790200,1,8,45,6,991,31506991
576,3,1790200,1,8,45,6,994,31506994
577,18,1790200,1,8,45,7,12,31507012
578,20,1790200,1,8,45,7,32,31507032
579,21,1790200,1,8,45,7,53,31507053
580,15,1790200,2,8,45,7,68,31507068
581,17,1790100,1,8,45,7,85,31507085
582,3,1790100,1,8,45,7,88,31507088
583,7,1790100,1,8,45,7,95,31507095
584,4,1790100,3,8,45,7,99,31507099
585,60,1790100,2,8,45,7,159,31507159
586,10,1790100,2,8,45,7,169,31507169
587,10,1790100,4,8,45,7,179,31507179
588,1,1790100,1,8,45,7,180,31507180
589,0,1790100,1,8,45,7,180,31507180
590,20,1790100,1,8,45,7,200,31507200
592,47,1790100,1,8,45,7,247,31507247
594,14,1790000,1,8,45,7,261,31507261
595,31,1790000,2,8,45,7,292,31507292
596,16,1790100,1,8,45,7,308,31507308
597,9,1790000,1,8,45,7,317,31507317
598,56,1790200,1,8,45,7,373,31507373
599,21,1790200,2,8,45,7,394,31507394
600,15,1790000,1,8,45,7,409,31507409
601,0,1790000,1,8,45,7,409,31507409
602,13,1790000,10,8,45,7,422,31507422
603,1,1790000,1,8,45,7,423,31507423
604,1,1790000,1,8,45,7,424,31507424
605,0,1790000,1,8,45,7,424,31507424
606,25,1790000,3,8,45,7,449,31507449
608,9,1790000,3,8,45,7,458,31507458
609,77,1789900,2,8,45,7,535,31507535
610,24,1790100,1,8,45,7,559,31507559
611,6,1790000,1,8,45,7,565,31507565
612,19,1789900,2,8,45,7,584,31507584
613,29,1789900,1,8,45,7,613,31507613
614,5,1789900,1,8,45,7,618,31507618
615,201,1789800,3,8,45,7,819,31507819
616,52,1789800,7,8,45,7,871,31507871
617,23,1789800,2,8,45,7,894,31507894
619,22,1789700,1,8,45,7,916,31507916
620,89,1789700,1,8,45,8,5,31508005
621,41,1789700,1,8,45,8,46,31508046
622,3,1789700,1,8,45,8,49,31508049
624,7,1789600,1,8,45,8,56,31508056
625,24,1789600,1,8,45,8,80,31508080
626,7,1789600,1,8,45,8,87,31508087
627,86,1789600,1,8,45,8,173,31508173
628,21,1789500,3,8,45,8,194,31508194
629,41,1789500,1,8,45,8,235,31508235
631,61,1789400,3,8,45,8,296,31508296
633,59,1789300,1,8,45,8,355,31508355
634,4,1789400,3,8,45,8,359,31508359
635,1,1789300,2,8,45,8,360,31508360
636,61,1789300,1,8,45,8,421,31508421
637,4,1789300,2,8,45,8,425,31508425
638,0,1789300,1,8,45,8,425,31508425
639,7,1789200,1,8,45,8,432,31508432
640,11,1789200,2,8,45,8,443,31508443
641,30,1789100,2,8,45,8,473,31508473
642,14,1789200,1,8,45,8,487,31508487
644,38,1789200,3,8,45,8,525,31508525
645,13,1789200,1,8,45,8,538,31508538
646,15,1789100,3,8,45,8,553,31508553
647,62,1789100,2,8,45,8,615,31508615
648,5,1789100,2,8,45,8,620,31508620
649,51,1789100,3,8,45,8,671,31508671
650,12,1789100,1,8,45,8,683,31508683
651,46,1789100,1,8,45,8,729,31508729
652,12,1789000,2,8,45,8,741,31508741
653,0,1789000,4,8,45,8,741,31508741
654,52,1789000,1,8,45,8,793,31508793
655,31,1789000,1,8,45,8,824,31508824
657,36,1788900,3,8,45,8,860,31508860
658,25,1788800,5,8,45,8,885,31508885
659,32,1788800,1,8,45,8,917,31508917
660,9,1788800,1,8,45,8,926,31508926
661,1,1788800,1,8,45,8,927,31508927
662,0,1788800,1,8,45,8,927,31508927
663,3,1788800,1,8,45,8,930,31508930
664,35,1788900,4,8,45,8,965,31508965
665,13,1789000,1,8,45,8,978,31508978
666,0,1788800,3,8,45,8,978,31508978
667,4,1788800,2,8,45,8,982,31508982
668,16,1788800,1,8,45,8,998,31508998
669,76,1788800,2,8,45,9,74,31509074
670,4,1788800,1,8,45,9,78,31509078
672,91,1788700,1,8,45,9,169,31509169
673,1,1788600,1,8,45,9,170,31509170
674,74,1788500,5,8,45,9,244,31509244
676,97,1788400,1,8,45,9,341,31509341
677,73,1788300,2,8,45,9,414,31509414
678,18,1788400,1,8,45,9,432,31509432
679,1,1788500,3,8,45,9,433,31509433
680,4,1788400,1,8,45,9,437,31509437
681,6,1788300,1,8,45,9,443,31509443
682,0,1788600,3,8,45,9,443,31509443
684,1,1788400,1,8,45,9,444,31509444
685,69,1788700,1,8,45,9,513,31509513
686,5,1788400,1,8,45,9,518,31509518
687,27,1788700,2,8,45,9,545,31509545
689,8,1788600,1,8,45,9,553,31509553
690,1,1788600,2,8,45,9,554,31509554
691,74,1788500,1,8,45,9,628,31509628
692,1,1788400,1,8,45,9,629,31509629
693,31,1788400,1,8,45,9,660,31509660
694,50,1788300,2,8,45,9,710,31509710
695,3,1788300,1,8,45,9,713,31509713
696,30,1788300,1,8,45,9,743,31509743
697,18,1788500,1,8,45,9,761,31509761
698,50,1788500,2,8,45,9,811,31509811
699,0,1788700,2,8,45,9,811,31509811
700,1,1788800,3,8,45,9,812,31509812
701,88,1788900,3,8,45,9,900,31509900
702,0,1788900,3,8,45,9,900,31509900
703,0,1788900,3,8,45,9,900,31509900
705,1,1789200,3,8,45,9,901,31509901
706,2,1789300,1,8,45,9,903,31509903
707,0,1789300,1,8,45,9,903,31509903
708,1,1789300,1,8,45,9,904,31509904
709,1,1789400,1,8,45,9,905,31509905
710,2,1789300,1,8,45,9,907,31509907
711,20,1789300,2,8,45,9,927,31509927
712,41,1789400,2,8,45,9,968,31509968
714,40,1789300,1,8,45,10,8,31510008
715,12,1789200,1,8,45,10,20,31510020
716,10,1789200,2,8,45,10,30,31510030
717,0,1789200,2,8,45,10,30,31510030
719,3,1788800,1,8,45,10,33,31510033
720,0,1788800,1,8,45,10,33,31510033
721,36,1788900,2,8,45,10,69,31510069
722,1,1788900,1,8,45,10,70,31510070
723,34,1788700,1,8,45,10,104,31510104
724,0,1789000,2,8,45,10,104,31510104
725,63,1788600,1,8,45,10,167,31510167
726,3,1789100,1,8,45,10,170,31510170
727,42,1788600,1,8,45,10,212,31510212
728,6,1788600,1,8,45,10,218,31510218
729,0,1788900,1,8,45,10,218,31510218
730,23,1789000,1,8,45,10,241,31510241
731,1,1789100,2,8,45,10,242,31510242
732,12,1789100,1,8,45,10,254,31510254
733,16,1789200,1,8,45,10,270,31510270
734,5,1789300,1,8,45,10,275,31510275
735,4,1788900,1,8,45,10,279,31510279
736,1,1789200,1,8,45,10,280,31510280
737,1,1789300,1,8,45,10,281,31510281
738,1,1789300,1,8,45,10,282,31510282
739,3,1789400,1,8,45,10,285,31510285
740,5,1789400,1,8,45,10,290,31510290
741,5,1789400,1,8,45,10,295,31510295
742,36,1789300,2,8,45,10,331,31510331
743,11,1789200,1,8,45,10,342,31510342
744,0,1789600,1,8,45,10,342,31510342
745,12,1789500,1,8,45,10,354,31510354
746,60,1789300,2,8,45,10,414,31510414
747,0,1789300,2,8,45,10,414,31510414
749,44,1789300,1,8,45,10,458,31510458
751,16,1789300,1,8,45,10,474,31510474
752,183,1789100,4,8,45,10,657,31510657
754,17,1789100,1,8,45,10,674,31510674
755,25,1789500,1,8,45,10,699,31510699
757,19,1789100,1,8,45,10,718,31510718
759,19,1789600,3,8,45,10,737,31510737
760,84,1789300,2,8,45,10,821,31510821
761,59,1789700,1,8,45,10,880,31510880
762,0,1789700,1,8,45,10,880,31510880
763,1,1789700,1,8,45,10,881,31510881
764,0,1789700,1,8,45,10,881,31510881
765,85,1789800,1,8,45,10,966,31510966
766,31,1789700,1,8,45,10,997,31510997
767,14,1789800,1,8,45,11,11,31511011
768,13,1789800,1,8,45,11,24,31511024
769,118,1789800,1,8,45,11,142,31511142
771,169,1789700,1,8,45,11,311,31511311
772,0,1789900,1,8,45,11,311,31511311
774,277,1790000,1,8,45,11,588,31511588
775,14,1790100,1,8,45,11,602,31511602
776,203,1790100,1,8,45,11,805,31511805
777,0,1790100,1,8,45,11,805,31511805
778,56,1790100,1,8,45,11,861,31511861
779,0,1790100,1,8,45,11,861,31511861
781,0,1790300,4,8,45,11,861,31511861
782,16,1790400,1,8,45,11,877,31511877
783,5,1790500,1,8,45,11,882,31511882
784,578,1790500,1,8,45,12,460,31512460
785,2,1790400,1,8,45,12,462,31512462
787,0,1790500,3,8,45,12,462,31512462
788,43,1790300,1,8,45,12,505,31512505
789,76,1790500,1,8,45,12,581,31512581
790,62,1790500,1,8,45,12,643,31512643
791,0,1790500,1,8,45,12,643,31512643
792,0,1790500,1,8,45,12,643,31512643
793,0,1790500,1,8,45,12,643,31512643
794,0,1790500,1,8,45,12,643,31512643
795,0,1790500,1,8,45,12,643,31512643
796,0,1790500,1,8,45,12,643,31512643
797,0,1790500,1,8,45,12,643,31512643
799,41,1791000,1,8,45,12,684,31512684
800,40,1791400,1,8,45,12,724,31512724
801,0,1791400,1,8,45,12,724,31512724
802,16,1791000,1,8,45,12,740,31512740
803,89,1791000,3,8,45,12,829,31512829
804,15,1791400,1,8,45,12,844,31512844
805,56,1791100,1,8,45,12,900,31512900
806,2,1791400,1,8,45,12,902,31512902
807,1,1791500,1,8,45,12,903,31512903
808,7,1791600,1,8,45,12,910,31512910
809,0,1791600,1,8,45,12,910,31512910
810,10,1791600,1,8,45,12,920,31512920
811,124,1791500,1,8,45,13,44,31513044
812,0,1791500,1,8,45,13,44,31513044
814,10,1791300,1,8,45,13,54,31513054
816,27,1791200,1,8,45,13,81,31513081
817,22,1791100,1,8,45,13,103,31513103
818,1,1791100,2,8,45,13,104,31513104
819,27,1791200,2,8,45,13,131,31513131
820,25,1791200,1,8,45,13,156,31513156
821,33,1791000,1,8,45,13,189,31513189
822,32,1790900,1,8,45,13,221,31513221
823,95,1791200,3,8,45,13,316,31513316
824,31,1791100,1,8,45,13,347,31513347
825,103,1791300,1,8,45,13,450,31513450
826,174,1791400,4,8,45,13,624,31513624
827,319,1791100,5,8,45,13,943,31513943
828,231,1791000,3,8,45,14,174,31514174
829,1,1791000,3,8,45,14,175,31514175
830,19,1791300,1,8,45,14,194,31514194
831,34,1791000,1,8,45,14,228,31514228
832,215,1790900,1,8,45,14,443,31514443
833,1,1790900,9,8,45,14,444,31514444
834,0,1790800,4,8,45,14,444,31514444
835,236,1790700,2,8,45,14,680,31514680
836,10,1790700,6,8,45,14,690,31514690
837,0,1790700,6,8,45,14,690,31514690
839,2,1790400,9,8,45,14,692,31514692
840,325,1790300,1,8,45,15,17,31515017
841,0,1790300,4,8,45,15,17,31515017
842,69,1790300,1,8,45,15,86,31515086
843,22,1790200,1,8,45,15,108,31515108
844,367,1790300,1,8,45,15,475,31515475
845,452,1790500,1,8,45,15,927,31515927
846,172,1790400,1,8,45,16,99,31516099
847,78,1790400,1,8,45,16,177,31516177
848,11,1790200,2,8,45,16,188,31516188
849,1,1790100,5,8,45,16,189,31516189
850,94,1790100,1,8,45,16,283,31516283
851,14,1790100,1,8,45,16,297,31516297
852,83,1790200,1,8,45,16,380,31516380
853,166,1790100,1,8,45,16,546,31516546
854,7,1790100,10,8,45,16,553,31516553
855,72,1790300,3,8,45,16,625,31516625
856,7,1790100,1,8,45,16,632,31516632
857,259,1790300,1,8,45,16,891,31516891
858,184,1790200,1,8,45,17,75,31517075
859,124,1790100,1,8,45,17,199,31517199
860,1,1790000,8,8,45,17,200,31517200
861,127,1790000,2,8,45,17,327,31517327
862,73,1790000,1,8,45,17,400,31517400
863,502,1789900,3,8,45,17,902,31517902
864,1,1789900,3,8,45,17,903,31517903
865,65,1789800,2,8,45,17,968,31517968
867,70,1789700,4,8,45,18,38,31518038
868,0,1789700,4,8,45,18,38,31518038
869,0,1789700,4,8,45,18,38,31518038
871,2,1789700,1,8,45,18,40,31518040
872,223,1789800,2,8,45,18,263,31518263
874,220,1789900,1,8,45,18,483,31518483
876,61,1789800,2,8,45,18,544,31518544
877,38,1790000,1,8,45,18,582,31518582
878,307,1790000,1,8,45,18,889,31518889
879,53,1790000,1,8,45,18,942,31518942
880,108,1790100,3,8,45,19,50,31519050
881,51,1790000,1,8,45,19,101,31519101
882,129,1790000,1,8,45,19,230,31519230
883,92,1790000,1,8,45,19,322,31519322
884,129,1790200,2,8,45,19,451,31519451
885,56,1790200,1,8,45,19,507,31519507
886,346,1790100,1,8,45,19,853,31519853
887,18,1790100,1,8,45,19,871,31519871
888,92,1790200,2,8,45,19,963,31519963
889,10,1790200,1,8,45,19,973,31519973
890,1,1790200,2,8,45,19,974,31519974
891,108,1790200,1,8,45,20,82,31520082
892,44,1790400,1,8,45,20,126,31520126
893,276,1790400,1,8,45,20,402,31520402
894,0,1790400,1,8,45,20,402,31520402
895,1,1790400,1,8,45,20,403,31520403
896,0,1790400,1,8,45,20,403,31520403
897,0,1790400,1,8,45,20,403,31520403
898,4,1790400,1,8,45,20,407,31520407
899,59,1790500,1,8,45,20,466,31520466
900,199,1790400,1,8,45,20,665,31520665
901,240,1790400,1,8,45,20,905,31520905
902,0,1790400,1,8,45,20,905,31520905
903,0,1790400,14,8,45,20,905,31520905
904,1,1790300,1,8,45,20,906,31520906
905,43,1790200,1,8,45,20,949,31520949
906,220,1790300,1,8,45,21,169,31521169
908,38,1790300,1,8,45,21,207,31521207
909,98,1790300,1,8,45,21,305,31521305
911,73,1790300,1,8,45,21,378,31521378
913,296,1790400,3,8,45,21,674,31521674
914,53,1790200,1,8,45,21,727,31521727
915,394,1790100,1,8,45,22,121,31522121
916,351,1790200,1,8,45,22,472,31522472
917,115,1790300,1,8,45,22,587,31522587
918,808,1790200,2,8,45,23,395,31523395
919,351,1790300,1,8,45,23,746,31523746
920,42,1790300,1,8,45,23,788,31523788
921,44,1790300,1,8,45,23,832,31523832
922,236,1790300,3,8,45,24,68,31524068
923,269,1790200,1,8,45,24,337,31524337
925,35,1790200,1,8,45,24,372,31524372
926,289,1790200,1,8,45,24,661,31524661
927,304,1790200,1,8,45,24,965,31524965
928,256,1790200,1,8,45,25,221,31525221
929,435,1790200,1,8,45,25,656,31525656
930,61,1790200,1,8,45,25,717,31525717
931,63,1790200,1,8,45,25,780,31525780
932,11,1790200,1,8,45,25,791,31525791
933,4,1790100,1,8,45,25,795,31525795
934,0,1790100,1,8,45,25,795,31525795
935,372,1790100,1,8,45,26,167,31526167
936,1,1790000,21,8,45,26,168,31526168
937,132,1790000,1,8,45,26,300,31526300
938,429,1790100,1,8,45,26,729,31526729
939,197,1790100,1,8,45,26,926,31526926
941,122,1790200,5,8,45,27,48,31527048
942,123,1790200,3,8,45,27,171,31527171
943,72,1790400,2,8,45,27,243,31527243
944,56,1790100,1,8,45,27,299,31527299
945,264,1790100,2,8,45,27,563,31527563
946,162,1790100,1,8,45,27,725,31527725
947,409,1790400,1,8,45,28,134,31528134
948,875,1790400,1,8,45,29,9,31529009
949,42,1790300,1,8,45,29,51,31529051
950,313,1790200,1,8,45,29,364,31529364
951,296,1790300,1,8,45,29,660,31529660
952,765,1790400,2,8,45,30,425,31530425
953,0,1790400,3,8,45,30,425,31530425
954,85,1790300,1,8,45,30,510,31530510
955,205,1790300,1,8,45,30,715,31530715
957,3,1790400,1,8,45,30,718,31530718
958,110,1790200,1,8,45,30,828,31530828
959,3,1790200,4,8,45,30,831,31530831
960,0,1790200,4,8,45,30,831,31530831
962,129,1790000,3,8,45,30,960,31530960
963,1018,1790200,1,8,45,31,978,31531978
964,116,1790000,2,8,45,32,94,31532094
965,124,1790100,1,8,45,32,218,31532218
966,215,1790200,1,8,45,32,433,31532433
967,127,1790100,1,8,45,32,560,31532560
968,55,1790100,1,8,45,32,615,31532615
970,1046,1790100,2,8,45,33,661,31533661
972,23,1790000,3,8,45,33,684,31533684
974,35,1789900,1,8,45,33,719,31533719
975,0,1789900,2,8,45,33,719,31533719
976,15,1789900,1,8,45,33,734,31533734
977,75,1789800,3,8,45,33,809,31533809
978,0,1789800,3,8,45,33,809,31533809
979,0,1789800,2,8,45,33,809,31533809
980,21,1789700,2,8,45,33,830,31533830
982,401,1789700,3,8,45,34,231,31534231
983,74,1789700,2,8,45,34,305,31534305
984,39,1789800,1,8,45,34,344,31534344
985,242,1789600,1,8,45,34,586,31534586
986,32,1789500,5,8,45,34,618,31534618
987,36,1789600,1,8,45,34,654,31534654
988,1,1789700,1,8,45,34,655,31534655
989,41,1789700,1,8,45,34,696,31534696
990,121,1789500,1,8,45,34,817,31534817
991,305,1789500,1,8,45,35,122,31535122
992,201,1789500,1,8,45,35,323,31535323
993,411,1789600,2,8,45,35,734,31535734
995,242,1789700,1,8,45,35,976,31535976
996,103,1789800,1,8,45,36,79,31536079
997,156,1789800,6,8,45,36,235,31536235
998,72,1789700,1,8,45,36,307,31536307
999,6,1789900,2,8,45,36,313,31536313
1000,7,1789800,1,8,45,36,320,31536320
1001,81,1790000,5,8,45,36,401,31536401
1002,444,1790200,1,8,45,36,845,31536845
1003,567,1790200,1,8,45,37,412,31537412
1004,213,1790000,5,8,45,37,625,31537625
1005,38,1790100,1,8,45,37,663,31537663
1006,1,1790100,1,8,45,37,664,31537664
1007,1,1790100,1,8,45,37,665,31537665
1008,466,1790000,2,8,45,38,131,31538131
1009,217,1790200,1,8,45,38,348,31538348
1010,100,1790000,1,8,45,38,448,31538448
1011,257,1790000,1,8,45,38,705,31538705
1012,305,1789900,1,8,45,39,10,31539010
1013,45,1790000,1,8,45,39,55,31539055
1014,192,1790000,1,8,45,39,247,31539247
1015,101,1790200,1,8,45,39,348,31539348
1016,1,1790200,1,8,45,39,349,31539349
1017,20,1790300,1,8,45,39,369,31539369
1018,0,1790300,5,8,45,39,369,31539369
1019,0,1790300,3,8,45,39,369,31539369
1020,79,1790300,1,8,45,39,448,31539448
1021,114,1790200,1,8,45,39,562,31539562
1022,93,1790200,2,8,45,39,655,31539655
1023,168,1790200,1,8,45,39,823,31539823
1024,292,1790300,1,8,45,40,115,31540115
1026,27,1790200,1,8,45,40,142,31540142
1027,253,1790100,1,8,45,40,395,31540395
1028,764,1790100,1,8,45,41,159,31541159
1029,0,1790100,1,8,45,41,159,31541159
1030,64,1790100,1,8,45,41,223,31541223
1031,0,1790100,3,8,45,41,223,31541223
1032,75,1790000,1,8,45,41,298,31541298
1033,66,1790100,1,8,45,41,364,31541364
1034,1322,1790100,1,8,45,42,686,31542686
1035,566,1790200,3,8,45,43,252,31543252
1037,47,1790300,2,8,45,43,299,31543299
1038,44,1790200,2,8,45,43,343,31543343
1039,1176,1790300,1,8,45,44,519,31544519
1040,87,1790300,1,8,45,44,606,31544606
1041,110,1790400,3,8,45,44,716,31544716
1042,290,1790400,1,8,45,45,6,31545006
1043,160,1790300,1,8,45,45,166,31545166
1044,761,1790300,2,8,45,45,927,31545927
1045,173,1790500,1,8,45,46,100,31546100
1046,210,1790400,2,8,45,46,310,31546310
1047,393,1790500,3,8,45,46,703,31546703
1048,651,1790400,2,8,45,47,354,31547354
1049,277,1790500,1,8,45,47,631,31547631
1050,299,1790300,7,8,45,47,930,31547930
1051,1,1790300,18,8,45,47,931,31547931
1052,191,1790300,3,8,45,48,122,31548122
1053,351,1790400,4,8,45,48,473,31548473
1054,373,1790400,1,8,45,48,846,31548846
1055,210,1790300,2,8,45,49,56,31549056
1057,373,1790200,1,8,45,49,429,31549429
1058,0,1790200,4,8,45,49,429,31549429
1059,10,1790300,1,8,45,49,439,31549439
1060,350,1790300,1,8,45,49,789,31549789
1061,1245,1790200,2,8,45,51,34,31551034
1062,987,1790200,1,8,45,52,21,31552021
1063,0,1790100,10,8,45,52,21,31552021
1064,5,1790000,6,8,45,52,26,31552026
1065,0,1790000,1,8,45,52,26,31552026
1066,0,1790000,3,8,45,52,26,31552026
1067,73,1789900,1,8,45,52,99,31552099
1068,0,1789800,7,8,45,52,99,31552099
1069,1,1789900,1,8,45,52,100,31552100
1070,29,1789700,3,8,45,52,129,31552129
1071,81,1789900,2,8,45,52,210,31552210
1072,58,1789700,1,8,45,52,268,31552268
1073,0,1789700,1,8,45,52,268,31552268
1074,83,1789800,1,8,45,52,351,31552351
1075,123,1789600,3,8,45,52,474,31552474
1076,0,1789600,12,8,45,52,474,31552474
1077,157,1789600,1,8,45,52,631,31552631
1078,7,1789600,1,8,45,52,638,31552638
1079,53,1789700,1,8,45,52,691,31552691
1080,159,1789700,1,8,45,52,850,31552850
1081,2,1789700,1,8,45,52,852,31552852
1082,177,1789700,1,8,45,53,29,31553029
1083,546,1789700,1,8,45,53,575,31553575
1084,88,1789700,1,8,45,53,663,31553663
1085,370,1789500,1,8,45,54,33,31554033
1086,0,1789500,5,8,45,54,33,31554033
1087,1,1789400,2,8,45,54,34,31554034
1088,1,1789500,1,8,45,54,35,31554035
1089,81,1789500,3,8,45,54,116,31554116
1091,444,1789600,10,8,45,54,560,31554560
1092,3,1789700,5,8,45,54,563,31554563
1093,39,1789800,2,8,45,54,602,31554602
1094,63,1789800,5,8,45,54,665,31554665
1095,1,1789900,4,8,45,54,666,31554666
1096,102,1789900,3,8,45,54,768,31554768
1097,258,1790100,3,8,45,55,26,31555026
1098,1,1790100,1,8,45,55,27,31555027
1099,2,1790100,2,8,45,55,29,31555029
1100,328,1790200,5,8,45,55,357,31555357
1101,461,1790200,1,8,45,55,818,31555818
1102,221,1790200,1,8,45,56,39,31556039
1103,430,1790200,1,8,45,56,469,31556469
1104,0,1790100,4,8,45,56,469,31556469
1105,142,1790200,1,8,45,56,611,31556611
1106,178,1790300,3,8,45,56,789,31556789
1107,2,1790300,1,8,45,56,791,31556791
1108,67,1790300,1,8,45,56,858,31556858
1109,419,1790400,3,8,45,57,277,31557277
1110,2,1790400,5,8,45,57,279,31557279
1111,101,1790500,8,8,45,57,380,31557380
1112,111,1790600,11,8,45,57,491,31557491
1113,5,1790700,9,8,45,57,496,31557496
1114,86,1790700,1,8,45,57,582,31557582
1116,88,1790800,2,8,45,57,670,31557670
1117,1,1790800,6,8,45,57,671,31557671
1118,15,1790900,2,8,45,57,686,31557686
1119,1,1790900,7,8,45,57,687,31557687
1120,1,1791000,1,8,45,57,688,31557688
1121,0,1791000,1,8,45,57,688,31557688
1122,0,1791000,1,8,45,57,688,31557688
1123,1,1791000,1,8,45,57,689,31557689
1124,0,1791000,1,8,45,57,689,31557689
1125,0,1791000,1,8,45,57,689,31557689
1126,84,1791000,15,8,45,57,773,31557773
1127,94,1791100,2,8,45,57,867,31557867
1128,8,1791100,7,8,45,57,875,31557875
1129,1,1791200,6,8,45,57,876,31557876
1130,5,1791200,4,8,45,57,881,31557881
1131,40,1791200,1,8,45,57,921,31557921
1132,24,1791200,1,8,45,57,945,31557945
1133,103,1791300,8,8,45,58,48,31558048
1134,4,1791400,5,8,45,58,52,31558052
1135,1,1791400,1,8,45,58,53,31558053
1136,30,1791300,1,8,45,58,83,31558083
1137,0,1791300,2,8,45,58,83,31558083
1138,3,1791400,1,8,45,58,86,31558086
1139,11,1791400,1,8,45,58,97,31558097
1140,8,1791400,2,8,45,58,105,31558105
1141,3,1791400,2,8,45,58,108,31558108
1142,63,1791400,2,8,45,58,171,31558171
1143,3,1791400,1,8,45,58,174,31558174
1144,9,1791400,1,8,45,58,183,31558183
1145,88,1791300,2,8,45,58,271,31558271
1147,4,1791400,1,8,45,58,275,31558275
1148,72,1791300,1,8,45,58,347,31558347
1149,6,1791400,1,8,45,58,353,31558353
1150,81,1791500,2,8,45,58,434,31558434
1151,62,1791500,2,8,45,58,496,31558496
1152,20,1791600,5,8,45,58,516,31558516
1153,81,1791700,5,8,45,58,597,31558597
1154,112,1791600,1,8,45,58,709,31558709
1155,8,1791600,1,8,45,58,717,31558717
1156,7,1791500,1,8,45,58,724,31558724
1158,2,1791600,1,8,45,58,726,31558726
1159,12,1791600,1,8,45,58,738,31558738
1160,54,1791600,3,8,45,58,792,31558792
1161,175,1791600,1,8,45,58,967,31558967
1162,32,1791500,1,8,45,58,999,31558999
1163,95,1791600,1,8,45,59,94,31559094
1164,167,1791500,1,8,45,59,261,31559261
1165,52,1791600,5,8,45,59,313,31559313
1166,44,1791500,1,8,45,59,357,31559357
1167,138,1791700,1,8,45,59,495,31559495
1168,54,1791500,1,8,45,59,549,31559549
1169,8,1791600,1,8,45,59,557,31559557
1170,154,1791400,2,8,45,59,711,31559711
1171,3,1791600,3,8,45,59,714,31559714
1172,32,1791600,1,8,45,59,746,31559746
1173,203,1791600,1,8,45,59,949,31559949
1174,1,1791400,1,8,45,59,950,31559950
1175,36,1791500,2,8,45,59,986,31559986
1176,13,1791500,1,8,45,59,999,31559999
1177,2,1791500,1,8,46,0,1,31560001
1178,6,1791500,1,8,46,0,7,31560007
1179,2,1791600,1,8,46,0,9,31560009
1180,9,1791500,1,8,46,0,18,31560018
1181,2,1791400,1,8,46,0,20,31560020
1182,3,1791300,1,8,46,0,23,31560023
1183,17,1791300,3,8,46,0,40,31560040
1184,40,1791300,1,8,46,0,80,31560080
1185,1,1791300,1,8,46,0,81,31560081
1186,22,1791400,1,8,46,0,103,31560103
1187,0,1791400,4,8,46,0,103,31560103
1188,0,1791500,1,8,46,0,103,31560103
1189,0,1791500,1,8,46,0,103,31560103
1190,0,1791300,1,8,46,0,103,31560103
1191,0,1791400,1,8,46,0,103,31560103
1192,1,1791500,2,8,46,0,104,31560104
1193,0,1791500,1,8,46,0,104,31560104
1194,63,1791400,2,8,46,0,167,31560167
1195,18,1791400,3,8,46,0,185,31560185
1196,0,1791400,3,8,46,0,185,31560185
1198,14,1791400,1,8,46,0,199,31560199
1199,22,1791300,3,8,46,0,221,31560221
1201,1,1791300,2,8,46,0,222,31560222
1202,13,1791100,2,8,46,0,235,31560235
1203,3,1791100,1,8,46,0,238,31560238
1204,21,1791200,1,8,46,0,259,31560259
1205,16,1791000,3,8,46,0,275,31560275
1207,8,1790800,1,8,46,0,283,31560283
1208,48,1790900,3,8,46,0,331,31560331
1209,30,1790900,1,8,46,0,361,31560361
1210,12,1790800,1,8,46,0,373,31560373
1211,66,1790800,3,8,46,0,439,31560439
1212,3,1790700,2,8,46,0,442,31560442
1213,1,1790700,1,8,46,0,443,31560443
1214,1,1790900,2,8,46,0,444,31560444
1215,1,1790700,2,8,46,0,445,31560445
1216,2,1790800,1,8,46,0,447,31560447
1217,1,1790900,1,8,46,0,448,31560448
1218,27,1790800,1,8,46,0,475,31560475
1219,70,1790700,2,8,46,0,545,31560545
1220,1,1790700,1,8,46,0,546,31560546
1221,6,1790800,1,8,46,0,552,31560552
1222,143,1790900,1,8,46,0,695,31560695
1223,188,1790700,1,8,46,0,883,31560883
1224,41,1790800,1,8,46,0,924,31560924
1225,2,1790700,2,8,46,0,926,31560926
1226,76,1790900,2,8,46,1,2,31561002
1227,209,1790700,1,8,46,1,211,31561211
1229,233,1790800,6,8,46,1,444,31561444
1230,1,1790900,1,8,46,1,445,31561445
1231,0,1790900,2,8,46,1,445,31561445
1232,21,1790800,1,8,46,1,466,31561466
1234,5,1790800,2,8,46,1,471,31561471
1235,13,1790900,2,8,46,1,484,31561484
1236,103,1791000,5,8,46,1,587,31561587
1237,1,1791100,2,8,46,1,588,31561588
1238,55,1791100,1,8,46,1,643,31561643
1239,33,1791000,1,8,46,1,676,31561676
1240,20,1791200,2,8,46,1,696,31561696
1241,16,1791100,1,8,46,1,712,31561712
1242,3,1791200,1,8,46,1,715,31561715
1243,15,1791300,2,8,46,1,730,31561730
1245,31,1791200,1,8,46,1,761,31561761
1246,32,1791300,2,8,46,1,793,31561793
1247,33,1791200,2,8,46,1,826,31561826
1248,0,1791200,2,8,46,1,826,31561826
1249,0,1791200,2,8,46,1,826,31561826
1250,0,1791200,2,8,46,1,826,31561826
1252,5,1791100,1,8,46,1,831,31561831
1253,3,1791100,2,8,46,1,834,31561834
1254,30,1791000,1,8,46,1,864,31561864
1255,19,1791200,2,8,46,1,883,31561883
1256,32,1791300,1,8,46,1,915,31561915
1257,0,1791300,1,8,46,1,915,31561915
1258,0,1791300,1,8,46,1,915,31561915
1260,21,1791300,6,8,46,1,936,31561936
1261,25,1791300,1,8,46,1,961,31561961
1262,17,1791200,1,8,46,1,978,31561978
1263,83,1791400,13,8,46,2,61,31562061
1264,43,1791500,1,8,46,2,104,31562104
1266,59,1791600,3,8,46,2,163,31562163
1267,88,1791500,1,8,46,2,251,31562251
1268,245,1791600,2,8,46,2,496,31562496
1269,111,1791700,3,8,46,2,607,31562607
1270,14,1791800,1,8,46,2,621,31562621
1271,103,1791800,5,8,46,2,724,31562724
1272,12,1791700,1,8,46,2,736,31562736
1273,40,1791700,4,8,46,2,776,31562776
1274,0,1791700,1,8,46,2,776,31562776
1275,4,1791800,2,8,46,2,780,31562780
1276,4,1791700,1,8,46,2,784,31562784
1278,6,1791800,1,8,46,2,790,31562790
1279,76,1791600,1,8,46,2,866,31562866
1280,254,1791700,1,8,46,3,120,31563120
1281,66,1791700,1,8,46,3,186,31563186
1282,56,1791600,1,8,46,3,242,31563242
1283,38,1791800,3,8,46,3,280,31563280
1284,1,1791800,2,8,46,3,281,31563281
1285,21,1791600,3,8,46,3,302,31563302
1286,182,1791600,1,8,46,3,484,31563484
1287,225,1791600,1,8,46,3,709,31563709
1288,4,1791700,3,8,46,3,713,31563713
1289,12,1791700,1,8,46,3,725,31563725
1290,102,1791600,6,8,46,3,827,31563827
1291,28,1791700,2,8,46,3,855,31563855
1293,50,1791600,5,8,46,3,905,31563905
1295,16,1791700,2,8,46,3,921,31563921
1296,8,1791700,4,8,46,3,929,31563929
1297,13,1791800,2,8,46,3,942,31563942
1298,34,1791700,2,8,46,3,976,31563976
1300,31,1791800,1,8,46,4,7,31564007
1301,107,1791700,5,8,46,4,114,31564114
1302,96,1791600,1,8,46,4,210,31564210
1303,53,1791600,1,8,46,4,263,31564263
1304,515,1791700,1,8,46,4,778,31564778
1305,60,1791600,1,8,46,4,838,31564838
1306,3,1791700,2,8,46,4,841,31564841
1307,0,1791500,1,8,46,4,841,31564841
1308,205,1791700,1,8,46,5,46,31565046
1309,60,1791700,2,8,46,5,106,31565106
1310,1,1791800,2,8,46,5,107,31565107
1311,7,1791600,1,8,46,5,114,31565114
1312,96,1791600,1,8,46,5,210,31565210
1313,148,1791600,1,8,46,5,358,31565358
1314,172,1791700,1,8,46,5,530,31565530
1315,24,1791700,1,8,46,5,554,31565554
1316,12,1791700,1,8,46,5,566,31565566
1317,1,1791600,1,8,46,5,567,31565567
1318,0,1791600,1,8,46,5,567,31565567
1319,273,1791700,2,8,46,5,840,31565840
1320,345,1791700,1,8,46,6,185,31566185
1321,6,1791800,1,8,46,6,191,31566191
1322,229,1791600,1,8,46,6,420,31566420
1323,30,1791600,1,8,46,6,450,31566450
1324,118,1791600,1,8,46,6,568,31566568
1325,86,1791700,1,8,46,6,654,31566654
1326,92,1791700,1,8,46,6,746,31566746
1327,188,1791800,2,8,46,6,934,31566934
1328,18,1791600,2,8,46,6,952,31566952
1329,64,1791600,1,8,46,7,16,31567016
1331,6,1791600,2,8,46,7,22,31567022
1332,6,1791500,3,8,46,7,28,31567028
1333,47,1791500,1,8,46,7,75,31567075
1334,4,1791600,1,8,46,7,79,31567079
1335,22,1791700,1,8,46,7,101,31567101
1336,0,1791700,1,8,46,7,101,31567101
1337,232,1791500,1,8,46,7,333,31567333
1338,146,1791700,3,8,46,7,479,31567479
1339,231,1791700,1,8,46,7,710,31567710
1340,152,1791600,1,8,46,7,862,31567862
1341,30,1791600,2,8,46,7,892,31567892
1343,1,1791500,5,8,46,7,893,31567893
1344,427,1791600,1,8,46,8,320,31568320
1345,556,1791600,1,8,46,8,876,31568876
1346,324,1791600,1,8,46,9,200,31569200
1347,102,1791400,1,8,46,9,302,31569302
1348,118,1791500,1,8,46,9,420,31569420
1349,108,1791600,1,8,46,9,528,31569528
1350,81,1791400,1,8,46,9,609,31569609
1351,620,1791600,1,8,46,10,229,31570229
1352,41,1791400,1,8,46,10,270,31570270
1353,823,1791400,1,8,46,11,93,31571093
1354,664,1791500,1,8,46,11,757,31571757
1355,256,1791500,1,8,46,12,13,31572013
1356,287,1791400,1,8,46,12,300,31572300
1357,0,1791400,3,8,46,12,300,31572300
1358,30,1791300,6,8,46,12,330,31572330
1359,1,1791300,1,8,46,12,331,31572331
1360,0,1791300,1,8,46,12,331,31572331
1361,24,1791300,2,8,46,12,355,31572355
1362,307,1791300,1,8,46,12,662,31572662
1363,73,1791200,1,8,46,12,735,31572735
1364,2712,1791200,2,8,46,15,447,31575447
1365,31,1791300,1,8,46,15,478,31575478
1366,435,1791300,2,8,46,15,913,31575913
1368,1,1791300,1,8,46,15,914,31575914
1369,71,1791300,1,8,46,15,985,31575985
1370,0,1791400,2,8,46,15,985,31575985
1371,302,1791200,1,8,46,16,287,31576287
1372,63,1791400,1,8,46,16,350,31576350
1373,196,1791400,3,8,46,16,546,31576546
1375,65,1791600,1,8,46,16,611,31576611
1376,1,1791600,1,8,46,16,612,31576612
1377,40,1791500,1,8,46,16,652,31576652
1378,108,1791500,1,8,46,16,760,31576760
1379,443,1791600,2,8,46,17,203,31577203
1380,0,1791600,2,8,46,17,203,31577203
1381,0,1791600,1,8,46,17,203,31577203
1382,2,1791700,6,8,46,17,205,31577205
1383,21,1791700,1,8,46,17,226,31577226
1384,0,1791700,1,8,46,17,226,31577226
1385,0,1791700,1,8,46,17,226,31577226
1386,0,1791700,1,8,46,17,226,31577226
1387,0,1791700,1,8,46,17,226,31577226
1388,0,1791700,1,8,46,17,226,31577226
1389,0,1791700,1,8,46,17,226,31577226
1390,0,1791700,1,8,46,17,226,31577226
1391,1,1791800,1,8,46,17,227,31577227
1392,0,1791800,1,8,46,17,227,31577227
1393,83,1791700,1,8,46,17,310,31577310
1394,214,1791700,1,8,46,17,524,31577524
1395,21,1791600,1,8,46,17,545,31577545
1396,334,1791800,1,8,46,17,879,31577879
1397,220,1791700,1,8,46,18,99,31578099
1398,331,1791800,1,8,46,18,430,31578430
1399,100,1791800,6,8,46,18,530,31578530
1400,106,1791700,1,8,46,18,636,31578636
1401,101,1791800,1,8,46,18,737,31578737
1402,82,1791900,14,8,46,18,819,31578819
1404,116,1792000,28,8,46,18,935,31578935
1405,1,1792000,1,8,46,18,936,31578936
1406,0,1792000,2,8,46,18,936,31578936
1407,0,1792100,1,8,46,18,936,31578936
1408,41,1792100,7,8,46,18,977,31578977
1409,0,1792100,5,8,46,18,977,31578977
1410,1,1792200,3,8,46,18,978,31578978
1411,0,1792300,3,8,46,18,978,31578978
1412,2,1792300,3,8,46,18,980,31578980
1413,8,1792300,1,8,46,18,988,31578988
1414,130,1792300,1,8,46,19,118,31579118
1415,8,1792300,1,8,46,19,126,31579126
1416,0,1792300,1,8,46,19,126,31579126
1418,78,1792300,1,8,46,19,204,31579204
1419,30,1792500,2,8,46,19,234,31579234
1420,23,1792500,2,8,46,19,257,31579257
1421,19,1792500,1,8,46,19,276,31579276
1422,10,1792500,6,8,46,19,286,31579286
1424,67,1792600,1,8,46,19,353,31579353
1425,1,1792600,1,8,46,19,354,31579354
1426,40,1792700,1,8,46,19,394,31579394
1427,31,1792700,1,8,46,19,425,31579425
1428,10,1792400,1,8,46,19,435,31579435
1429,40,1792400,3,8,46,19,475,31579475
1430,0,1792400,3,8,46,19,475,31579475
1432,2,1792300,2,8,46,19,477,31579477
1433,81,1792400,1,8,46,19,558,31579558
1434,204,1792400,2,8,46,19,762,31579762
1436,41,1792300,1,8,46,19,803,31579803
1437,150,1792300,1,8,46,19,953,31579953
1438,68,1792300,1,8,46,20,21,31580021
1439,16,1792400,1,8,46,20,37,31580037
1440,237,1792300,1,8,46,20,274,31580274
1441,1,1792300,2,8,46,20,275,31580275
1442,0,1792300,1,8,46,20,275,31580275
1443,55,1792100,1,8,46,20,330,31580330
1444,692,1792200,2,8,46,21,22,31581022
1446,308,1791900,1,8,46,21,330,31581330
1447,43,1792100,1,8,46,21,373,31581373
1448,944,1791900,1,8,46,22,317,31582317
1449,54,1791800,2,8,46,22,371,31582371
1451,71,1791600,1,8,46,22,442,31582442
1452,108,1791800,1,8,46,22,550,31582550
1453,170,1791600,1,8,46,22,720,31582720
1454,17,1791700,2,8,46,22,737,31582737
1455,85,1791600,1,8,46,22,822,31582822
1456,191,1791700,1,8,46,23,13,31583013
1457,362,1791600,1,8,46,23,375,31583375
1458,158,1791700,1,8,46,23,533,31583533
1459,114,1791700,1,8,46,23,647,31583647
1460,309,1791700,1,8,46,23,956,31583956
1461,33,1791500,1,8,46,23,989,31583989
1462,320,1791700,1,8,46,24,309,31584309
1463,187,1791700,1,8,46,24,496,31584496
1464,42,1791800,2,8,46,24,538,31584538
1465,1,1791900,1,8,46,24,539,31584539
1466,0,1791900,2,8,46,24,539,31584539
1467,3,1792000,2,8,46,24,542,31584542
1469,95,1792100,1,8,46,24,637,31584637
1470,0,1792100,2,8,46,24,637,31584637
1471,108,1792200,1,8,46,24,745,31584745
1473,0,1792300,4,8,46,24,745,31584745
1474,1515,1792000,1,8,46,26,260,31586260
1475,154,1791900,1,8,46,26,414,31586414
1476,155,1791900,1,8,46,26,569,31586569
1477,21,1792000,1,8,46,26,590,31586590
1478,101,1791800,1,8,46,26,691,31586691
1479,1007,1792000,6,8,46,27,698,31587698
1481,27,1792200,1,8,46,27,725,31587725
1482,0,1792200,1,8,46,27,725,31587725
1483,0,1792200,1,8,46,27,725,31587725
1484,1,1792200,1,8,46,27,726,31587726
1485,0,1792200,1,8,46,27,726,31587726
1486,0,1792200,1,8,46,27,726,31587726
1487,0,1792200,1,8,46,27,726,31587726
1488,0,1792200,1,8,46,27,726,31587726
1489,0,1792200,1,8,46,27,726,31587726
1490,0,1792200,1,8,46,27,726,31587726
1491,0,1792200,1,8,46,27,726,31587726
1492,0,1792200,1,8,46,27,726,31587726
1493,0,1792300,1,8,46,27,726,31587726
1494,4,1792200,2,8,46,27,730,31587730
1495,12,1792200,1,8,46,27,742,31587742
1496,19,1792200,1,8,46,27,761,31587761
1497,69,1792200,1,8,46,27,830,31587830
1498,56,1792300,1,8,46,27,886,31587886
1499,1418,1792200,1,8,46,29,304,31589304
1500,935,1792100,1,8,46,30,239,31590239
1501,31,1792100,1,8,46,30,270,31590270
1502,309,1792100,1,8,46,30,579,31590579
1503,924,1792200,2,8,46,31,503,31591503
1504,249,1792100,2,8,46,31,752,31591752
1505,307,1792300,1,8,46,32,59,31592059
1506,122,1792100,1,8,46,32,181,31592181
1507,189,1792000,1,8,46,32,370,31592370
1508,236,1792000,1,8,46,32,606,31592606
1509,14,1792000,1,8,46,32,620,31592620
1510,544,1792000,1,8,46,33,164,31593164
1511,67,1792000,2,8,46,33,231,31593231
1512,478,1792100,1,8,46,33,709,31593709
1513,162,1792100,1,8,46,33,871,31593871
1514,15,1792200,5,8,46,33,886,31593886
1515,257,1792200,1,8,46,34,143,31594143
1517,1,1792300,1,8,46,34,144,31594144
1518,40,1792200,2,8,46,34,184,31594184
1519,374,1792300,1,8,46,34,558,31594558
1520,72,1792200,1,8,46,34,630,31594630
1521,89,1792400,1,8,46,34,719,31594719
1522,330,1792400,7,8,46,35,49,31595049
1524,1,1792500,2,8,46,35,50,31595050
1525,570,1792400,1,8,46,35,620,31595620
1526,97,1792600,1,8,46,35,717,31595717
1527,970,1792400,2,8,46,36,687,31596687
1528,163,1792600,2,8,46,36,850,31596850
1529,73,1792600,3,8,46,36,923,31596923
1531,239,1792500,1,8,46,37,162,31597162
1532,63,1792700,1,8,46,37,225,31597225
1533,0,1792700,1,8,46,37,225,31597225
1534,1,1792700,1,8,46,37,226,31597226
1535,61,1792600,1,8,46,37,287,31597287
1536,273,1792800,1,8,46,37,560,31597560
1537,84,1792800,2,8,46,37,644,31597644
1538,100,1792600,1,8,46,37,744,31597744
1539,39,1792800,1,8,46,37,783,31597783
1540,120,1792800,12,8,46,37,903,31597903
1541,0,1792800,12,8,46,37,903,31597903
1543,2,1793100,4,8,46,37,905,31597905
1544,0,1793100,1,8,46,37,905,31597905
1545,0,1793100,1,8,46,37,905,31597905
1546,1,1793100,1,8,46,37,906,31597906
1547,0,1793100,1,8,46,37,906,31597906
1548,0,1793100,1,8,46,37,906,31597906
1549,1,1793100,6,8,46,37,907,31597907
1551,0,1793000,12,8,46,37,907,31597907
1552,1,1793100,5,8,46,37,908,31597908
1554,0,1793200,3,8,46,37,908,31597908
1555,23,1793000,6,8,46,37,931,31597931
1556,103,1793100,1,8,46,38,34,31598034
1557,22,1792900,1,8,46,38,56,31598056
1558,49,1793000,3,8,46,38,105,31598105
1560,176,1793000,1,8,46,38,281,31598281
1561,188,1792800,2,8,46,38,469,31598469
1562,80,1792800,1,8,46,38,549,31598549
1563,2,1792800,1,8,46,38,551,31598551
1564,22,1792900,1,8,46,38,573,31598573
1565,37,1792900,1,8,46,38,610,31598610
1566,161,1792900,1,8,46,38,771,31598771
1567,105,1792700,1,8,46,38,876,31598876
1568,46,1792900,1,8,46,38,922,31598922
1569,99,1792700,1,8,46,39,21,31599021
1570,233,1792900,1,8,46,39,254,31599254
1571,86,1792700,1,8,46,39,340,31599340
1572,27,1792900,3,8,46,39,367,31599367
1573,274,1792700,1,8,46,39,641,31599641
1574,143,1792800,2,8,46,39,784,31599784
1575,71,1792700,1,8,46,39,855,31599855
1576,134,1792800,1,8,46,39,989,31599989
1577,289,1792600,4,8,46,40,278,31600278
1578,207,1792600,1,8,46,40,485,31600485
1579,80,1792800,4,8,46,40,565,31600565
1580,187,1792900,2,8,46,40,752,31600752
1581,1,1793000,6,8,46,40,753,31600753
1582,40,1792900,1,8,46,40,793,31600793
1583,187,1793100,1,8,46,40,980,31600980
1584,0,1793200,9,8,46,40,980,31600980
1585,1,1793200,1,8,46,40,981,31600981
1586,153,1793100,1,8,46,41,134,31601134
1587,109,1793300,9,8,46,41,243,31601243
1588,1,1793300,1,8,46,41,244,31601244
1589,0,1793400,4,8,46,41,244,31601244
1590,42,1793400,1,8,46,41,286,31601286
1591,100,1793400,1,8,46,41,386,31601386
1592,94,1793300,1,8,46,41,480,31601480
1593,22,1793300,1,8,46,41,502,31601502
1594,349,1793300,1,8,46,41,851,31601851
1595,80,1793300,1,8,46,41,931,31601931
1597,225,1793200,1,8,46,42,156,31602156
1598,388,1793400,1,8,46,42,544,31602544
1599,6,1793200,1,8,46,42,550,31602550
1600,92,1793400,1,8,46,42,642,31602642
1601,95,1793300,1,8,46,42,737,31602737
1602,419,1793200,1,8,46,43,156,31603156
1603,7,1793200,1,8,46,43,163,31603163
1604,81,1793200,1,8,46,43,244,31603244
1605,154,1793200,1,8,46,43,398,31603398
1606,63,1793200,1,8,46,43,461,31603461
1607,299,1793100,1,8,46,43,760,31603760
1608,71,1793200,1,8,46,43,831,31603831
1609,200,1793100,1,8,46,44,31,31604031
1610,64,1793000,2,8,46,44,95,31604095
1611,207,1793200,1,8,46,44,302,31604302
1612,503,1793200,1,8,46,44,805,31604805
1613,307,1793200,1,8,46,45,112,31605112
1615,167,1793300,1,8,46,45,279,31605279
1616,548,1793100,1,8,46,45,827,31605827
1617,302,1793200,1,8,46,46,129,31606129
1618,626,1793000,23,8,46,46,755,31606755
1619,1,1792900,1,8,46,46,756,31606756
1620,0,1792900,2,8,46,46,756,31606756
1621,1,1792800,13,8,46,46,757,31606757
1622,2,1792700,1,8,46,46,759,31606759
1623,246,1792800,2,8,46,47,5,31607005
1625,96,1792900,1,8,46,47,101,31607101
1626,942,1792900,3,8,46,48,43,31608043
1627,77,1792800,1,8,46,48,120,31608120
1628,425,1792800,1,8,46,48,545,31608545
1629,206,1792900,4,8,46,48,751,31608751
1630,190,1792800,1,8,46,48,941,31608941
1631,44,1792700,1,8,46,48,985,31608985
1632,254,1792800,1,8,46,49,239,31609239
1633,192,1792900,3,8,46,49,431,31609431
1634,9,1793000,1,8,46,49,440,31609440
1635,393,1792700,1,8,46,49,833,31609833
1636,26,1792900,1,8,46,49,859,31609859
1637,13,1792900,1,8,46,49,872,31609872
1638,1228,1792800,1,8,46,51,100,31611100
1639,781,1792700,1,8,46,51,881,31611881
1640,825,1792800,1,8,46,52,706,31612706
1641,321,1792800,8,8,46,53,27,31613027
1642,0,1792900,2,8,46,53,27,31613027
1643,0,1792900,3,8,46,53,27,31613027
1644,1,1792900,4,8,46,53,28,31613028
1645,28,1792800,3,8,46,53,56,31613056
1646,81,1793000,4,8,46,53,137,31613137
1647,1,1793000,6,8,46,53,138,31613138
1648,0,1793000,1,8,46,53,138,31613138
1649,1,1793000,1,8,46,53,139,31613139
1650,521,1792900,2,8,46,53,660,31613660
1651,41,1793000,1,8,46,53,701,31613701
1652,132,1793000,1,8,46,53,833,31613833
1653,67,1793000,1,8,46,53,900,31613900
1654,164,1793000,1,8,46,54,64,31614064
1655,669,1793000,1,8,46,54,733,31614733
1656,20,1793000,4,8,46,54,753,31614753
1657,100,1793000,1,8,46,54,853,31614853
1658,72,1793000,1,8,46,54,925,31614925
1659,495,1792900,1,8,46,55,420,31615420
1660,218,1793000,2,8,46,55,638,31615638
1661,111,1793000,5,8,46,55,749,31615749
1662,385,1793000,5,8,46,56,134,31616134
1663,0,1793000,5,8,46,56,134,31616134
1664,477,1793100,4,8,46,56,611,31616611
1665,172,1793100,7,8,46,56,783,31616783
1666,0,1793100,7,8,46,56,783,31616783
1667,0,1793100,7,8,46,56,783,31616783
1668,0,1793100,7,8,46,56,783,31616783
1670,3,1793500,2,8,46,56,786,31616786
1671,0,1793600,1,8,46,56,786,31616786
1672,1,1793500,34,8,46,56,787,31616787
1673,1,1793500,2,8,46,56,788,31616788
1675,0,1793600,5,8,46,56,788,31616788
1676,0,1793600,1,8,46,56,788,31616788
1677,1,1793600,1,8,46,56,789,31616789
1678,2,1793700,1,8,46,56,791,31616791
1679,0,1793600,3,8,46,56,791,31616791
1680,0,1793600,1,8,46,56,791,31616791
1681,37,1793700,1,8,46,56,828,31616828
1682,13,1793600,3,8,46,56,841,31616841
1683,69,1793600,1,8,46,56,910,31616910
1684,76,1793500,1,8,46,56,986,31616986
1685,244,1793700,1,8,46,57,230,31617230
1686,39,1793500,5,8,46,57,269,31617269
1688,53,1793300,2,8,46,57,322,31617322
1689,29,1793500,1,8,46,57,351,31617351
1690,132,1793500,2,8,46,57,483,31617483
1691,52,1793300,1,8,46,57,535,31617535
1692,25,1793200,1,8,46,57,560,31617560
1693,267,1793300,4,8,46,57,827,31617827
1695,1,1793300,1,8,46,57,828,31617828
1696,56,1793300,1,8,46,57,884,31617884
1697,31,1793500,2,8,46,57,915,31617915
1698,647,1793500,1,8,46,58,562,31618562
1699,166,1793600,1,8,46,58,728,31618728
1700,4,1793500,5,8,46,58,732,31618732
1701,1264,1793500,1,8,46,59,996,31619996
1702,219,1793500,1,8,47,0,215,31620215
1703,44,1793500,1,8,47,0,259,31620259
1704,27,1793500,1,8,47,0,286,31620286
1705,65,1793500,1,8,47,0,351,31620351
1706,164,1793600,1,8,47,0,515,31620515
1707,99,1793600,3,8,47,0,614,31620614
1708,9,1793600,1,8,47,0,623,31620623
1710,0,1793700,5,8,47,0,623,31620623
1711,90,1793600,1,8,47,0,713,31620713
1712,206,1793800,1,8,47,0,919,31620919
1713,77,1793600,3,8,47,0,996,31620996
1714,161,1793600,2,8,47,1,157,31621157
1715,270,1793500,2,8,47,1,427,31621427
1716,1,1793500,2,8,47,1,428,31621428
1717,53,1793500,2,8,47,1,481,31621481
1718,23,1793500,1,8,47,1,504,31621504
1719,1,1793400,1,8,47,1,505,31621505
1720,80,1793500,2,8,47,1,585,31621585
1721,1,1793500,1,8,47,1,586,31621586
1722,0,1793500,1,8,47,1,586,31621586
1723,140,1793500,4,8,47,1,726,31621726
1724,56,1793500,1,8,47,1,782,31621782
1726,17,1793300,2,8,47,1,799,31621799
1727,322,1793300,1,8,47,2,121,31622121
1728,6,1793300,1,8,47,2,127,31622127
1729,11,1793300,1,8,47,2,138,31622138
1730,143,1793300,3,8,47,2,281,31622281
1731,414,1793200,1,8,47,2,695,31622695
1732,0,1793200,1,8,47,2,695,31622695
1734,350,1793200,1,8,47,3,45,31623045
1735,10,1793200,1,8,47,3,55,31623055
1736,195,1793200,2,8,47,3,250,31623250
1737,121,1793300,1,8,47,3,371,31623371
1738,791,1793400,1,8,47,4,162,31624162
1739,809,1793400,1,8,47,4,971,31624971
1740,0,1793500,4,8,47,4,971,31624971
1741,8,1793300,1,8,47,4,979,31624979
1742,1152,1793400,1,8,47,6,131,31626131
1743,707,1793400,1,8,47,6,838,31626838
1744,112,1793400,1,8,47,6,950,31626950
1745,74,1793500,1,8,47,7,24,31627024
1746,508,1793400,2,8,47,7,532,31627532
1747,102,1793300,2,8,47,7,634,31627634
1748,11,1793300,1,8,47,7,645,31627645
1749,65,1793300,1,8,47,7,710,31627710
1750,91,1793400,1,8,47,7,801,31627801
1751,424,1793400,1,8,47,8,225,31628225
1752,162,1793400,1,8,47,8,387,31628387
1753,2078,1793500,1,8,47,10,465,31630465
1754,315,1793400,1,8,47,10,780,31630780
1755,446,1793500,1,8,47,11,226,31631226
1756,1449,1793500,1,8,47,12,675,31632675
1757,23,1793400,2,8,47,12,698,31632698
1758,1303,1793500,1,8,47,14,1,31634001
1759,456,1793500,1,8,47,14,457,31634457
1760,190,1793400,1,8,47,14,647,31634647
1761,579,1793500,1,8,47,15,226,31635226
1762,933,1793500,4,8,47,16,159,31636159
1763,0,1793500,2,8,47,16,159,31636159
1764,0,1793500,3,8,47,16,159,31636159
1765,0,1793500,5,8,47,16,159,31636159
1766,58,1793500,3,8,47,16,217,31636217
1767,203,1793500,1,8,47,16,420,31636420
1768,490,1793600,2,8,47,16,910,31636910
1769,1,1793600,2,8,47,16,911,31636911
1770,0,1793600,2,8,47,16,911,31636911
1771,0,1793600,5,8,47,16,911,31636911
1772,37,1793700,2,8,47,16,948,31636948
1773,47,1793700,1,8,47,16,995,31636995
1774,207,1793700,1,8,47,17,202,31637202
1775,433,1793800,1,8,47,17,635,31637635
1776,109,1793700,1,8,47,17,744,31637744
1777,4,1793800,1,8,47,17,748,31637748
1778,219,1793800,7,8,47,17,967,31637967
1779,0,1793800,7,8,47,17,967,31637967
1781,3,1794000,1,8,47,17,970,31637970
1782,0,1794000,5,8,47,17,970,31637970
1783,106,1794100,1,8,47,18,76,31638076
1784,37,1794100,1,8,47,18,113,31638113
1785,139,1794000,1,8,47,18,252,31638252
1786,73,1794000,2,8,47,18,325,31638325
1787,97,1794100,1,8,47,18,422,31638422
1788,230,1794100,2,8,47,18,652,31638652
1789,29,1794100,2,8,47,18,681,31638681
1790,1,1794100,1,8,47,18,682,31638682
1791,452,1794100,1,8,47,19,134,31639134
1793,566,1794100,1,8,47,19,700,31639700
1794,0,1794100,1,8,47,19,700,31639700
1796,210,1794100,1,8,47,19,910,31639910
1797,86,1794100,1,8,47,19,996,31639996
1798,167,1794200,1,8,47,20,163,31640163
1799,302,1794000,1,8,47,20,465,31640465
1800,108,1794000,3,8,47,20,573,31640573
1801,97,1794000,1,8,47,20,670,31640670
1802,77,1793900,1,8,47,20,747,31640747
1803,53,1793900,3,8,47,20,800,31640800
1804,73,1793900,1,8,47,20,873,31640873
1805,249,1793800,1,8,47,21,122,31641122
1806,66,1793900,2,8,47,21,188,31641188
1807,21,1794000,1,8,47,21,209,31641209
1808,38,1794000,1,8,47,21,247,31641247
1809,294,1794000,2,8,47,21,541,31641541
1810,116,1794000,1,8,47,21,657,31641657
1811,385,1794000,1,8,47,22,42,31642042
1812,308,1793800,1,8,47,22,350,31642350
1813,67,1793800,1,8,47,22,417,31642417
1814,161,1793900,1,8,47,22,578,31642578
1815,336,1793700,1,8,47,22,914,31642914
1816,257,1793800,1,8,47,23,171,31643171
1817,822,1793700,1,8,47,23,993,31643993
1818,204,1793700,1,8,47,24,197,31644197
1819,815,1793900,1,8,47,25,12,31645012
1820,0,1793900,1,8,47,25,12,31645012
1821,535,1794000,2,8,47,25,547,31645547
1823,240,1794200,4,8,47,25,787,31645787
1824,0,1794200,1,8,47,25,787,31645787
1825,0,1794200,7,8,47,25,787,31645787
1826,1,1794200,2,8,47,25,788,31645788
1827,1,1794300,6,8,47,25,789,31645789
1828,0,1794300,1,8,47,25,789,31645789
1829,145,1794300,1,8,47,25,934,31645934
1830,6,1794400,1,8,47,25,940,31645940
1831,217,1794300,3,8,47,26,157,31646157
1832,275,1794300,1,8,47,26,432,31646432
1833,183,1794300,1,8,47,26,615,31646615
1834,130,1794300,2,8,47,26,745,31646745
1835,125,1794300,2,8,47,26,870,31646870
1837,310,1794400,1,8,47,27,180,31647180
1838,311,1794300,1,8,47,27,491,31647491
1839,102,1794200,1,8,47,27,593,31647593
1840,99,1794200,1,8,47,27,692,31647692
1841,111,1794200,1,8,47,27,803,31647803
1842,1381,1794200,2,8,47,29,184,31649184
1843,1814,1794300,1,8,47,30,998,31650998
1844,32,1794200,1,8,47,31,30,31651030
1845,18,1794200,1,8,47,31,48,31651048
1846,559,1794300,1,8,47,31,607,31651607
1847,19,1794300,1,8,47,31,626,31651626
1848,1,1794400,2,8,47,31,627,31651627
1849,0,1794400,1,8,47,31,627,31651627
1850,275,1794300,9,8,47,31,902,31651902
1851,0,1794300,9,8,47,31,902,31651902
1853,2,1794100,3,8,47,31,904,31651904
1854,35,1794000,1,8,47,31,939,31651939
1855,138,1794100,1,8,47,32,77,31652077
1856,173,1794100,1,8,47,32,250,31652250
1857,352,1794000,1,8,47,32,602,31652602
1858,1,1794000,1,8,47,32,603,31652603
1859,105,1794000,5,8,47,32,708,31652708
1860,173,1794000,1,8,47,32,881,31652881
1861,460,1794000,1,8,47,33,341,31653341
1862,193,1794000,1,8,47,33,534,31653534
1863,110,1794000,2,8,47,33,644,31653644
1864,1,1794100,2,8,47,33,645,31653645
1865,331,1794100,1,8,47,33,976,31653976
1867,453,1794200,15,8,47,34,429,31654429
1869,136,1794200,1,8,47,34,565,31654565
1870,171,1794200,1,8,47,34,736,31654736
1871,316,1794200,1,8,47,35,52,31655052
1872,109,1794200,1,8,47,35,161,31655161
1873,529,1794300,1,8,47,35,690,31655690
1874,476,1794200,1,8,47,36,166,31656166
1875,63,1794300,1,8,47,36,229,31656229
1876,199,1794300,1,8,47,36,428,31656428
1877,223,1794300,1,8,47,36,651,31656651
1878,513,1794300,1,8,47,37,164,31657164
1879,62,1794300,1,8,47,37,226,31657226
1880,756,1794300,1,8,47,37,982,31657982
1881,183,1794300,1,8,47,38,165,31658165
1882,444,1794300,1,8,47,38,609,31658609
1883,970,1794300,1,8,47,39,579,31659579
1884,493,1794400,5,8,47,40,72,31660072
1886,43,1794300,1,8,47,40,115,31660115
1887,55,1794500,1,8,47,40,170,31660170
1888,0,1794500,1,8,47,40,170,31660170
1889,152,1794300,2,8,47,40,322,31660322
1890,0,1794500,1,8,47,40,322,31660322
1891,1,1794500,1,8,47,40,323,31660323
1892,402,1794300,1,8,47,40,725,31660725
1893,223,1794400,1,8,47,40,948,31660948
1894,16,1794400,1,8,47,40,964,31660964
1895,210,1794400,3,8,47,41,174,31661174
1896,1,1794400,6,8,47,41,175,31661175
1897,15,1794400,1,8,47,41,190,31661190
1898,1,1794400,1,8,47,41,191,31661191
1899,132,1794400,1,8,47,41,323,31661323
1900,543,1794500,1,8,47,41,866,31661866
1901,332,1794500,1,8,47,42,198,31662198
1902,328,1794400,3,8,47,42,526,31662526
1903,70,1794400,2,8,47,42,596,31662596
1904,120,1794500,1,8,47,42,716,31662716
1905,27,1794500,1,8,47,42,743,31662743
1906,549,1794400,1,8,47,43,292,31663292
1907,1,1794500,2,8,47,43,293,31663293
1908,11,1794300,1,8,47,43,304,31663304
1909,1117,1794600,2,8,47,44,421,31664421
1910,334,1794600,1,8,47,44,755,31664755
1911,128,1794400,1,8,47,44,883,31664883
1912,210,1794400,2,8,47,45,93,31665093
1913,141,1794500,2,8,47,45,234,31665234
1914,190,1794400,1,8,47,45,424,31665424
1915,163,1794300,2,8,47,45,587,31665587
1916,0,1794300,1,8,47,45,587,31665587
1917,0,1794300,7,8,47,45,587,31665587
1918,0,1794300,1,8,47,45,587,31665587
1919,0,1794300,1,8,47,45,587,31665587
1920,72,1794300,1,8,47,45,659,31665659
1921,4,1794200,1,8,47,45,663,31665663
1922,63,1794400,1,8,47,45,726,31665726
1923,59,1794400,1,8,47,45,785,31665785
1924,809,1794200,1,8,47,46,594,31666594
1925,663,1794200,1,8,47,47,257,31667257
1926,67,1794200,1,8,47,47,324,31667324
1927,163,1794200,2,8,47,47,487,31667487
1928,40,1794400,2,8,47,47,527,31667527
1929,1052,1794400,1,8,47,48,579,31668579
1930,1026,1794400,4,8,47,49,605,31669605
1932,1,1794500,3,8,47,49,606,31669606
1933,0,1794500,4,8,47,49,606,31669606
1934,496,1794300,2,8,47,50,102,31670102
1935,877,1794300,1,8,47,50,979,31670979
1936,397,1794400,1,8,47,51,376,31671376
1937,283,1794300,1,8,47,51,659,31671659
1938,996,1794300,3,8,47,52,655,31672655
1939,195,1794300,1,8,47,52,850,31672850
1940,0,1794300,1,8,47,52,850,31672850
1941,0,1794300,1,8,47,52,850,31672850
1943,4,1794000,3,8,47,52,854,31672854
1944,41,1793900,7,8,47,52,895,31672895
1945,563,1793900,2,8,47,53,458,31673458
1946,114,1794000,3,8,47,53,572,31673572
1947,469,1793800,1,8,47,54,41,31674041
1948,19,1793800,1,8,47,54,60,31674060
1949,99,1793800,1,8,47,54,159,31674159
1950,1061,1793800,1,8,47,55,220,31675220
1951,40,1793900,1,8,47,55,260,31675260
1952,543,1793900,1,8,47,55,803,31675803
1953,339,1794000,1,8,47,56,142,31676142
1954,109,1793900,1,8,47,56,251,31676251
1955,211,1793800,1,8,47,56,462,31676462
1956,835,1793800,1,8,47,57,297,31677297
1957,89,1793800,1,8,47,57,386,31677386
1958,278,1793900,1,8,47,57,664,31677664
1959,319,1793800,9,8,47,57,983,31677983
1960,10,1793800,1,8,47,57,993,31677993
1961,302,1793700,1,8,47,58,295,31678295
1962,685,1793800,1,8,47,58,980,31678980
1963,66,1793800,1,8,47,59,46,31679046
1965,53,1793800,5,8,47,59,99,31679099
1966,1,1793800,5,8,47,59,100,31679100
1967,211,1793800,1,8,47,59,311,31679311
1968,473,1794000,2,8,47,59,784,31679784
1969,296,1794000,3,8,48,0,80,31680080
1970,1,1794000,3,8,48,0,81,31680081
1971,0,1794000,2,8,48,0,81,31680081
1972,0,1794000,1,8,48,0,81,31680081
1973,91,1794200,1,8,48,0,172,31680172
1974,81,1794000,1,8,48,0,253,31680253
1975,77,1794000,3,8,48,0,330,31680330
1976,1,1794000,3,8,48,0,331,31680331
1977,0,1794100,1,8,48,0,331,31680331
1978,0,1794100,1,8,48,0,331,31680331
1979,63,1794200,1,8,48,0,394,31680394
1980,43,1794000,2,8,48,0,437,31680437
1981,76,1793900,1,8,48,0,513,31680513
1982,152,1793900,2,8,48,0,665,31680665
1984,47,1794000,2,8,48,0,712,31680712
1985,374,1794000,3,8,48,1,86,31681086
1987,109,1794000,3,8,48,1,195,31681195
1988,157,1793900,2,8,48,1,352,31681352
1989,104,1793900,1,8,48,1,456,31681456
1990,247,1793800,2,8,48,1,703,31681703
1991,128,1793800,1,8,48,1,831,31681831
1992,80,1793800,2,8,48,1,911,31681911
1993,20,1793800,1,8,48,1,931,31681931
1994,421,1793800,3,8,48,2,352,31682352
1995,340,1793700,4,8,48,2,692,31682692
1996,196,1793700,2,8,48,2,888,31682888
1997,573,1793700,2,8,48,3,461,31683461
1998,240,1793700,1,8,48,3,701,31683701
1999,289,1793700,1,8,48,3,990,31683990
2000,212,1793700,1,8,48,4,202,31684202
2001,755,1793700,1,8,48,4,957,31684957
2002,753,1793700,3,8,48,5,710,31685710
2003,35,1793700,2,8,48,5,745,31685745
2004,289,1793600,9,8,48,6,34,31686034
2005,221,1793600,1,8,48,6,255,31686255
2006,2,1793600,1,8,48,6,257,31686257
2007,323,1793500,4,8,48,6,580,31686580
2008,211,1793500,2,8,48,6,791,31686791
2009,225,1793500,2,8,48,7,16,31687016
2011,85,1793500,1,8,48,7,101,31687101
2012,1440,1793400,4,8,48,8,541,31688541
2014,467,1793400,1,8,48,9,8,31689008
2015,437,1793500,1,8,48,9,445,31689445
2016,693,1793500,1,8,48,10,138,31690138
2017,318,1793600,4,8,48,10,456,31690456
2018,621,1793600,1,8,48,11,77,31691077
2019,517,1793600,1,8,48,11,594,31691594
2020,2,1793600,1,8,48,11,596,31691596
2021,84,1793600,1,8,48,11,680,31691680
2022,52,1793700,1,8,48,11,732,31691732
2023,359,1793600,1,8,48,12,91,31692091
2024,1,1793600,5,8,48,12,92,31692092
2025,281,1793700,1,8,48,12,373,31692373
2026,876,1793600,4,8,48,13,249,31693249
2028,388,1793600,2,8,48,13,637,31693637
2029,550,1793600,1,8,48,14,187,31694187
2030,1236,1793600,1,8,48,15,423,31695423
2031,72,1793700,2,8,48,15,495,31695495
2032,157,1793600,1,8,48,15,652,31695652
2033,1270,1793600,1,8,48,16,922,31696922
2034,151,1793700,4,8,48,17,73,31697073
2035,1795,1793500,1,8,48,18,868,31698868
2036,439,1793500,1,8,48,19,307,31699307
2037,315,1793700,2,8,48,19,622,31699622
2038,351,1793600,2,8,48,19,973,31699973
2039,566,1793500,1,8,48,20,539,31700539
2040,175,1793500,1,8,48,20,714,31700714
2041,537,1793500,1,8,48,21,251,31701251
2042,215,1793500,1,8,48,21,466,31701466
2043,1088,1793700,1,8,48,22,554,31702554
2044,15,1793700,1,8,48,22,569,31702569
2045,0,1793700,2,8,48,22,569,31702569
2046,436,1793800,1,8,48,23,5,31703005
2047,104,1793800,1,8,48,23,109,31703109
2048,753,1793600,3,8,48,23,862,31703862
2050,3,1793500,1,8,48,23,865,31703865
2051,1,1793500,18,8,48,23,866,31703866
2052,0,1793500,3,8,48,23,866,31703866
2053,512,1793500,5,8,48,24,378,31704378
2054,139,1793400,2,8,48,24,517,31704517
2056,354,1793500,1,8,48,24,871,31704871
2057,416,1793500,1,8,48,25,287,31705287
2058,64,1793500,2,8,48,25,351,31705351
2059,1259,1793400,1,8,48,26,610,31706610
2060,147,1793400,1,8,48,26,757,31706757
2061,61,1793500,1,8,48,26,818,31706818
2062,686,1793400,1,8,48,27,504,31707504
2063,97,1793500,1,8,48,27,601,31707601
2064,206,1793300,1,8,48,27,807,31707807
2065,263,1793300,1,8,48,28,70,31708070
2066,757,1793500,1,8,48,28,827,31708827
2067,701,1793300,6,8,48,29,528,31709528
2069,892,1793400,6,8,48,30,420,31710420
2070,63,1793400,1,8,48,30,483,31710483
2071,95,1793300,1,8,48,30,578,31710578
2072,150,1793300,1,8,48,30,728,31710728
2073,108,1793300,1,8,48,30,836,31710836
2074,107,1793500,7,8,48,30,943,31710943
2075,0,1793500,7,8,48,30,943,31710943
2076,0,1793500,7,8,48,30,943,31710943
2077,0,1793500,7,8,48,30,943,31710943
2079,54,1793900,1,8,48,30,997,31710997
2080,33,1793800,1,8,48,31,30,31711030
2081,1966,1793600,1,8,48,32,996,31712996
2082,1804,1793700,1,8,48,34,800,31714800
2083,747,1793500,4,8,48,35,547,31715547
2084,2561,1793400,1,8,48,38,108,31718108
2085,1003,1793600,2,8,48,39,111,31719111
2086,569,1793500,1,8,48,39,680,31719680
2087,522,1793600,2,8,48,40,202,31720202
2088,2428,1793700,1,8,48,42,630,31722630
2089,1,1793700,5,8,48,42,631,31722631
2090,442,1793600,1,8,48,43,73,31723073
2091,2821,1793800,16,8,48,45,894,31725894
2093,589,1793800,1,8,48,46,483,31726483
2094,235,1793800,1,8,48,46,718,31726718
2095,2180,1793600,1,8,48,48,898,31728898
2096,78,1793800,1,8,48,48,976,31728976
2097,128,1793600,2,8,48,49,104,31729104
2098,27,1793600,2,8,48,49,131,31729131
2099,22,1793500,1,8,48,49,153,31729153
2100,1106,1793600,1,8,48,50,259,31730259
2101,2265,1793500,13,8,48,52,524,31732524
2102,0,1793500,1,8,48,52,524,31732524
2103,1,1793500,1,8,48,52,525,31732525
2104,2,1793400,1,8,48,52,527,31732527
2105,25,1793500,1,8,48,52,552,31732552
2106,1,1793500,1,8,48,52,553,31732553
2107,1708,1793400,1,8,48,54,261,31734261
2108,68,1793600,5,8,48,54,329,31734329
2110,1138,1793600,1,8,48,55,467,31735467
2111,0,1793700,9,8,48,55,467,31735467
2112,757,1793500,1,8,48,56,224,31736224
2113,3614,1793600,1,8,48,59,838,31739838
2114,1087,1793600,5,8,49,0,925,31740925
2115,197,1793700,2,8,49,1,122,31741122
2116,565,1793600,1,8,49,1,687,31741687
2117,1176,1793600,4,8,49,2,863,31742863
2118,428,1793600,1,8,49,3,291,31743291
2119,72,1793600,1,8,49,3,363,31743363
2120,806,1793700,4,8,49,4,169,31744169
2122,851,1793600,1,8,49,5,20,31745020
2123,1132,1793600,1,8,49,6,152,31746152
2124,308,1793600,1,8,49,6,460,31746460
2125,1872,1793700,6,8,49,8,332,31748332
2126,1,1793800,2,8,49,8,333,31748333
2127,20,1793800,4,8,49,8,353,31748353
2128,1,1793900,1,8,49,8,354,31748354
2129,0,1793900,7,8,49,8,354,31748354
2130,148,1794000,1,8,49,8,502,31748502
2131,2,1794000,1,8,49,8,504,31748504
2132,166,1793800,2,8,49,8,670,31748670
2133,16,1794000,1,8,49,8,686,31748686
2134,289,1793800,1,8,49,8,975,31748975
2135,74,1793800,1,8,49,9,49,31749049
2136,81,1794000,12,8,49,9,130,31749130
2137,3,1794100,1,8,49,9,133,31749133
2138,0,1794100,2,8,49,9,133,31749133
2139,167,1794100,1,8,49,9,300,31749300
2140,0,1794200,1,8,49,9,300,31749300
2141,289,1794100,6,8,49,9,589,31749589
2142,0,1794100,6,8,49,9,589,31749589
2143,0,1794100,6,8,49,9,589,31749589
2145,2,1793900,1,8,49,9,591,31749591
2146,1,1793900,1,8,49,9,592,31749592
2147,0,1793900,1,8,49,9,592,31749592
2148,1,1793900,1,8,49,9,593,31749593
2149,0,1793900,1,8,49,9,593,31749593
2150,38,1793800,1,8,49,9,631,31749631
2151,391,1793900,2,8,49,10,22,31750022
2152,584,1793900,4,8,49,10,606,31750606
2154,105,1793800,2,8,49,10,711,31750711
2155,0,1793900,2,8,49,10,711,31750711
2156,1518,1793800,1,8,49,12,229,31752229
2157,97,1793800,2,8,49,12,326,31752326
2158,595,1793900,1,8,49,12,921,31752921
2159,127,1793700,1,8,49,13,48,31753048
2160,1494,1793800,1,8,49,14,542,31754542
2161,164,1793700,1,8,49,14,706,31754706
2162,553,1793800,1,8,49,15,259,31755259
2163,993,1793800,1,8,49,16,252,31756252
2164,421,1793700,1,8,49,16,673,31756673
2165,1452,1793700,1,8,49,18,125,31758125
2166,163,1793800,2,8,49,18,288,31758288
2167,1115,1793800,1,8,49,19,403,31759403
2168,1306,1793700,1,8,49,20,709,31760709
2169,621,1793800,1,8,49,21,330,31761330
2170,621,1793800,1,8,49,21,951,31761951
2171,46,1793800,1,8,49,21,997,31761997
2172,0,1793800,3,8,49,21,997,31761997
2173,1,1793900,1,8,49,21,998,31761998
2174,2386,1793800,1,8,49,24,384,31764384
2175,1151,1793800,1,8,49,25,535,31765535
2176,835,1793800,1,8,49,26,370,31766370
2177,1739,1793800,4,8,49,28,109,31768109
2178,117,1793900,1,8,49,28,226,31768226
2179,274,1793900,3,8,49,28,500,31768500
2180,261,1793800,1,8,49,28,761,31768761
2181,1537,1793800,5,8,49,30,298,31770298
2182,765,1793800,1,8,49,31,63,31771063
2183,106,1793900,1,8,49,31,169,31771169
2184,1395,1793800,1,8,49,32,564,31772564
2185,33,1793900,4,8,49,32,597,31772597
2187,945,1794000,7,8,49,33,542,31773542
2188,0,1794000,7,8,49,33,542,31773542
2189,0,1794000,7,8,49,33,542,31773542
2191,256,1794200,2,8,49,33,798,31773798
2193,219,1794100,1,8,49,34,17,31774017
2194,160,1794300,1,8,49,34,177,31774177
2195,294,1794100,4,8,49,34,471,31774471
2196,413,1794000,3,8,49,34,884,31774884
2197,380,1794100,1,8,49,35,264,31775264
2198,680,1794200,3,8,49,35,944,31775944
2199,1440,1794300,5,8,49,37,384,31777384
2200,0,1794400,1,8,49,37,384,31777384
2201,1,1794400,6,8,49,37,385,31777385
2202,153,1794300,3,8,49,37,538,31777538
2204,126,1794300,1,8,49,37,664,31777664
2205,578,1794400,2,8,49,38,242,31778242
2206,496,1794400,1,8,49,38,738,31778738
2207,1,1794400,1,8,49,38,739,31778739
2208,309,1794500,2,8,49,39,48,31779048
2209,1116,1794400,1,8,49,40,164,31780164
2210,172,1794400,1,8,49,40,336,31780336
2211,88,1794400,2,8,49,40,424,31780424
2212,150,1794400,3,8,49,40,574,31780574
2213,335,1794500,2,8,49,40,909,31780909
2214,959,1794500,1,8,49,41,868,31781868
2215,0,1794500,1,8,49,41,868,31781868
2216,839,1794500,5,8,49,42,707,31782707
2217,225,1794500,1,8,49,42,932,31782932
2218,94,1794500,3,8,49,43,26,31783026
2219,0,1794500,1,8,49,43,26,31783026
2220,72,1794500,1,8,49,43,98,31783098
2221,93,1794500,1,8,49,43,191,31783191
2222,413,1794500,1,8,49,43,604,31783604
2223,97,1794500,1,8,49,43,701,31783701
2224,273,1794500,1,8,49,43,974,31783974
2225,162,1794500,1,8,49,44,136,31784136
2226,16,1794400,1,8,49,44,152,31784152
2227,220,1794500,1,8,49,44,372,31784372
2228,385,1794400,1,8,49,44,757,31784757
2229,183,1794400,1,8,49,44,940,31784940
2230,85,1794500,1,8,49,45,25,31785025
2231,247,1794400,3,8,49,45,272,31785272
2232,257,1794500,1,8,49,45,529,31785529
2233,379,1794400,1,8,49,45,908,31785908
2234,320,1794400,1,8,49,46,228,31786228
2235,158,1794500,1,8,49,46,386,31786386
2236,62,1794500,1,8,49,46,448,31786448
2237,221,1794400,5,8,49,46,669,31786669
2238,197,1794400,1,8,49,46,866,31786866
2239,286,1794400,1,8,49,47,152,31787152
2240,16,1794400,1,8,49,47,168,31787168
2241,2,1794400,2,8,49,47,170,31787170
2242,1601,1794400,1,8,49,48,771,31788771
2243,446,1794300,1,8,49,49,217,31789217
2244,288,1794300,3,8,49,49,505,31789505
2245,338,1794200,3,8,49,49,843,31789843
2246,87,1794400,6,8,49,49,930,31789930
2247,790,1794400,1,8,49,50,720,31790720
2248,442,1794500,2,8,49,51,162,31791162
2249,343,1794400,1,8,49,51,505,31791505
2250,1216,1794400,8,8,49,52,721,31792721
2251,2,1794300,4,8,49,52,723,31792723
2252,55,1794300,1,8,49,52,778,31792778
2253,34,1794300,2,8,49,52,812,31792812
2254,95,1794300,1,8,49,52,907,31792907
2255,437,1794400,1,8,49,53,344,31793344
2256,358,1794300,1,8,49,53,702,31793702
2257,67,1794400,4,8,49,53,769,31793769
2258,556,1794300,1,8,49,54,325,31794325
2259,425,1794400,49,8,49,54,750,31794750
2261,115,1794500,1,8,49,54,865,31794865
2262,0,1794500,1,8,49,54,865,31794865
2263,701,1794300,3,8,49,55,566,31795566
2264,778,1794500,1,8,49,56,344,31796344
2265,631,1794500,2,8,49,56,975,31796975
2266,479,1794400,1,8,49,57,454,31797454
2267,341,1794200,3,8,49,57,795,31797795
2268,878,1794400,1,8,49,58,673,31798673
2269,27,1794400,1,8,49,58,700,31798700
2270,227,1794400,1,8,49,58,927,31798927
2271,1,1794400,1,8,49,58,928,31798928
2272,60,1794500,1,8,49,58,988,31798988
2273,105,1794500,10,8,49,59,93,31799093
2274,774,1794400,2,8,49,59,867,31799867
2276,257,1794300,1,8,50,0,124,31800124
2277,67,1794500,2,8,50,0,191,31800191
2278,4,1794500,7,8,50,0,195,31800195
2279,9,1794600,4,8,50,0,204,31800204
2280,0,1794600,4,8,50,0,204,31800204
2281,16,1794600,4,8,50,0,220,31800220
2282,19,1794600,1,8,50,0,239,31800239
2283,27,1794600,2,8,50,0,266,31800266
2284,88,1794700,1,8,50,0,354,31800354
2285,44,1794700,2,8,50,0,398,31800398
2286,303,1794700,1,8,50,0,701,31800701
2287,229,1794500,1,8,50,0,930,31800930
2288,88,1794500,3,8,50,1,18,31801018
2289,83,1794700,1,8,50,1,101,31801101
2290,37,1794700,1,8,50,1,138,31801138
2291,174,1794500,2,8,50,1,312,31801312
2292,24,1794500,5,8,50,1,336,31801336
2294,69,1794400,1,8,50,1,405,31801405
2295,57,1794400,2,8,50,1,462,31801462
2296,12,1794400,2,8,50,1,474,31801474
2297,3,1794400,2,8,50,1,477,31801477
2298,131,1794400,10,8,50,1,608,31801608
2299,221,1794400,1,8,50,1,829,31801829
2300,453,1794400,1,8,50,2,282,31802282
2301,6,1794400,1,8,50,2,288,31802288
2302,302,1794400,1,8,50,2,590,31802590
2303,292,1794400,1,8,50,2,882,31802882
2304,78,1794400,1,8,50,2,960,31802960
2305,91,1794400,1,8,50,3,51,31803051
2306,216,1794400,5,8,50,3,267,31803267
2307,182,1794400,2,8,50,3,449,31803449
2308,1,1794300,3,8,50,3,450,31803450
2309,0,1794300,3,8,50,3,450,31803450
2310,1157,1794300,1,8,50,4,607,31804607
2311,4,1794300,1,8,50,4,611,31804611
2312,2,1794300,1,8,50,4,613,31804613
2313,192,1794400,10,8,50,4,805,31804805
2314,30,1794300,1,8,50,4,835,31804835
2315,67,1794400,1,8,50,4,902,31804902
2316,366,1794400,2,8,50,5,268,31805268
2318,73,1794400,1,8,50,5,341,31805341
2319,171,1794400,1,8,50,5,512,31805512
2320,392,1794500,1,8,50,5,904,31805904
2321,607,1794400,4,8,50,6,511,31806511
2323,246,1794500,8,8,50,6,757,31806757
2324,1,1794500,2,8,50,6,758,31806758
2325,419,1794600,1,8,50,7,177,31807177
2326,48,1794600,1,8,50,7,225,31807225
2327,0,1794600,1,8,50,7,225,31807225
2328,0,1794600,1,8,50,7,225,31807225
2329,1,1794600,1,8,50,7,226,31807226
2330,0,1794600,1,8,50,7,226,31807226
2331,1,1794600,1,8,50,7,227,31807227
2332,796,1794500,1,8,50,8,23,31808023
2333,1416,1794500,1,8,50,9,439,31809439
2334,415,1794500,1,8,50,9,854,31809854
2335,94,1794500,3,8,50,9,948,31809948
2337,35,1794600,1,8,50,9,983,31809983
2338,185,1794500,1,8,50,10,168,31810168
2339,204,1794400,1,8,50,10,372,31810372
2340,803,1794500,1,8,50,11,175,31811175
2341,121,1794600,1,8,50,11,296,31811296
2342,213,1794500,1,8,50,11,509,31811509
2343,634,1794400,3,8,50,12,143,31812143
2344,96,1794300,1,8,50,12,239,31812239
2345,452,1794300,1,8,50,12,691,31812691
2346,887,1794400,1,8,50,13,578,31813578
2347,208,1794400,1,8,50,13,786,31813786
2348,235,1794500,2,8,50,14,21,31814021
2349,153,1794500,1,8,50,14,174,31814174
2350,477,1794500,1,8,50,14,651,31814651
2351,306,1794400,1,8,50,14,957,31814957
2352,735,1794300,6,8,50,15,692,31815692
2353,670,1794300,1,8,50,16,362,31816362
2354,219,1794300,1,8,50,16,581,31816581
2355,193,1794300,1,8,50,16,774,31816774
2356,102,1794300,2,8,50,16,876,31816876
2357,889,1794200,1,8,50,17,765,31817765
2358,85,1794300,1,8,50,17,850,31817850
2359,0,1794400,1,8,50,17,850,31817850
2360,0,1794400,1,8,50,17,850,31817850
2361,0,1794400,1,8,50,17,850,31817850
2362,0,1794400,1,8,50,17,850,31817850
2363,0,1794400,1,8,50,17,850,31817850
2364,0,1794400,1,8,50,17,850,31817850
2365,1,1794400,1,8,50,17,851,31817851
2366,600,1794200,1,8,50,18,451,31818451
2367,501,1794200,1,8,50,18,952,31818952
2368,75,1794300,1,8,50,19,27,31819027
2370,637,1794200,1,8,50,19,664,31819664
2371,59,1794300,2,8,50,19,723,31819723
2372,2732,1794300,1,8,50,22,455,31822455
2373,440,1794300,3,8,50,22,895,31822895
2374,2066,1794300,1,8,50,24,961,31824961
2375,160,1794300,1,8,50,25,121,31825121
2376,1042,1794300,1,8,50,26,163,31826163
2377,1820,1794400,6,8,50,27,983,31827983
2378,117,1794500,1,8,50,28,100,31828100
2379,0,1794500,1,8,50,28,100,31828100
2380,0,1794500,1,8,50,28,100,31828100
2381,950,1794500,3,8,50,29,50,31829050
2382,74,1794500,3,8,50,29,124,31829124
2383,627,1794400,5,8,50,29,751,31829751
2384,876,1794400,1,8,50,30,627,31830627
2385,1505,1794400,1,8,50,32,132,31832132
2386,0,1794300,6,8,50,32,132,31832132
2387,1,1794200,7,8,50,32,133,31832133
2388,2,1794100,6,8,50,32,135,31832135
2389,1,1794100,5,8,50,32,136,31832136
2390,239,1794200,1,8,50,32,375,31832375
2391,1935,1794000,1,8,50,34,310,31834310
2392,752,1794000,5,8,50,35,62,31835062
2393,1,1794000,12,8,50,35,63,31835063
2394,569,1794000,1,8,50,35,632,31835632
2395,453,1794100,10,8,50,36,85,31836085
2396,400,1794100,1,8,50,36,485,31836485
2397,1514,1794200,1,8,50,37,999,31837999
2398,102,1794300,1,8,50,38,101,31838101
2399,0,1794300,1,8,50,38,101,31838101
2400,579,1794100,2,8,50,38,680,31838680
2401,301,1794300,1,8,50,38,981,31838981
2402,156,1794100,1,8,50,39,137,31839137
2403,1044,1794100,1,8,50,40,181,31840181
2404,1,1794100,1,8,50,40,182,31840182
2405,191,1794000,1,8,50,40,373,31840373
2406,232,1794000,4,8,50,40,605,31840605
2407,2365,1794200,1,8,50,42,970,31842970
2408,133,1794100,1,8,50,43,103,31843103
2409,554,1794200,4,8,50,43,657,31843657
2410,1,1794200,1,8,50,43,658,31843658
2411,990,1794200,1,8,50,44,648,31844648
2412,333,1794200,2,8,50,44,981,31844981
2413,445,1794200,1,8,50,45,426,31845426
2414,796,1794200,1,8,50,46,222,31846222
2415,3769,1794200,2,8,50,49,991,31849991
2416,421,1794200,3,8,50,50,412,31850412
2418,103,1794000,1,8,50,50,515,31850515
2419,283,1794200,4,8,50,50,798,31850798
2421,1674,1794000,1,8,50,52,472,31852472
2422,650,1794100,1,8,50,53,122,31853122
2423,1621,1794100,1,8,50,54,743,31854743
2424,54,1794100,1,8,50,54,797,31854797
2425,6,1794000,1,8,50,54,803,31854803
2426,115,1794000,1,8,50,54,918,31854918
2427,758,1794100,1,8,50,55,676,31855676
2428,467,1794000,2,8,50,56,143,31856143
2429,803,1794000,10,8,50,56,946,31856946
2430,1,1794000,6,8,50,56,947,31856947
2431,459,1793900,1,8,50,57,406,31857406
2432,1,1793900,1,8,50,57,407,31857407
2433,31,1793900,1,8,50,57,438,31857438
2434,208,1793900,2,8,50,57,646,31857646
2435,249,1794000,1,8,50,57,895,31857895
2436,1,1793900,7,8,50,57,896,31857896
2437,1546,1794000,1,8,50,59,442,31859442
2438,90,1793800,1,8,50,59,532,31859532
2439,9,1794000,8,8,50,59,541,31859541
2440,129,1793900,1,8,50,59,670,31859670
2442,349,1794000,1,8,51,0,19,31860019
2443,38,1794000,1,8,51,0,57,31860057
2444,185,1793800,1,8,51,0,242,31860242
2445,121,1793900,2,8,51,0,363,31860363
2446,30,1793900,2,8,51,0,393,31860393
2447,3,1793900,2,8,51,0,396,31860396
2448,36,1794000,2,8,51,0,432,31860432
2449,902,1793900,1,8,51,1,334,31861334
2450,1439,1793800,3,8,51,2,773,31862773
2451,621,1793800,4,8,51,3,394,31863394
2453,1175,1793700,1,8,51,4,569,31864569
2454,76,1793700,1,8,51,4,645,31864645
2455,168,1793700,1,8,51,4,813,31864813
2456,119,1793700,3,8,51,4,932,31864932
2457,2919,1793700,1,8,51,7,851,31867851
2458,911,1793800,6,8,51,8,762,31868762
2460,349,1793800,2,8,51,9,111,31869111
2461,704,1793900,2,8,51,9,815,31869815
2462,1037,1794000,3,8,51,10,852,31870852
2463,1957,1794000,1,8,51,12,809,31872809
2464,116,1794000,8,8,51,12,925,31872925
2465,75,1794000,1,8,51,13,0,31873000
2466,677,1793900,1,8,51,13,677,31873677
2467,45,1793800,1,8,51,13,722,31873722
2468,1872,1794000,4,8,51,15,594,31875594
2469,11,1794100,1,8,51,15,605,31875605
2470,0,1794100,6,8,51,15,605,31875605
2471,0,1794100,3,8,51,15,605,31875605
2472,116,1794100,1,8,51,15,721,31875721
2473,1805,1794000,1,8,51,17,526,31877526
2474,1188,1794100,1,8,51,18,714,31878714
2475,218,1794200,1,8,51,18,932,31878932
2476,1494,1794200,1,8,51,20,426,31880426
2477,1320,1794000,2,8,51,21,746,31881746
2478,1063,1794000,5,8,51,22,809,31882809
2479,68,1794000,1,8,51,22,877,31882877
2480,330,1793900,2,8,51,23,207,31883207
2481,2130,1794000,8,8,51,25,337,31885337
2483,1534,1793900,1,8,51,26,871,31886871
2484,546,1794100,6,8,51,27,417,31887417
2485,1089,1794200,6,8,51,28,506,31888506
2486,637,1794300,13,8,51,29,143,31889143
2487,0,1794300,13,8,51,29,143,31889143
2489,4,1794500,2,8,51,29,147,31889147
2490,0,1794500,3,8,51,29,147,31889147
2491,190,1794500,46,8,51,29,337,31889337
2492,0,1794500,46,8,51,29,337,31889337
2493,0,1794500,46,8,51,29,337,31889337
2495,0,1794500,1,8,51,29,337,31889337
2496,7,1794100,1,8,51,29,344,31889344
2497,241,1794200,1,8,51,29,585,31889585
2498,353,1794200,1,8,51,29,938,31889938
2499,363,1794200,1,8,51,30,301,31890301
2500,915,1794200,1,8,51,31,216,31891216
2501,109,1794200,1,8,51,31,325,31891325
2502,75,1794300,1,8,51,31,400,31891400
2503,710,1794200,1,8,51,32,110,31892110
2504,2505,1794100,1,8,51,34,615,31894615
2505,425,1794100,2,8,51,35,40,31895040
2506,206,1794100,1,8,51,35,246,31895246
2507,376,1794200,5,8,51,35,622,31895622
2508,1556,1794300,3,8,51,37,178,31897178
2509,364,1794300,3,8,51,37,542,31897542
2510,3696,1794100,2,8,51,41,238,31901238
2512,2,1794000,1,8,51,41,240,31901240
2513,1,1793900,9,8,51,41,241,31901241
2514,1,1793900,5,8,51,41,242,31901242
2515,162,1793800,1,8,51,41,404,31901404
2516,462,1793900,2,8,51,41,866,31901866
2517,119,1793900,3,8,51,41,985,31901985
2518,1902,1793800,1,8,51,43,887,31903887
2519,132,1793800,2,8,51,44,19,31904019
2520,0,1793800,10,8,51,44,19,31904019
2521,76,1793800,1,8,51,44,95,31904095
2522,560,1793700,3,8,51,44,655,31904655
2523,1,1793700,2,8,51,44,656,31904656
2524,54,1793800,1,8,51,44,710,31904710
2525,296,1793700,1,8,51,45,6,31905006
2526,0,1793700,6,8,51,45,6,31905006
2527,172,1793600,1,8,51,45,178,31905178
2528,67,1793600,1,8,51,45,245,31905245
2529,216,1793600,4,8,51,45,461,31905461
2530,634,1793600,2,8,51,46,95,31906095
2531,228,1793600,1,8,51,46,323,31906323
2532,469,1793700,2,8,51,46,792,31906792
2533,3932,1793600,1,8,51,50,724,31910724
2534,410,1793600,1,8,51,51,134,31911134
2535,1267,1793500,1,8,51,52,401,31912401
2536,188,1793500,1,8,51,52,589,31912589
2537,270,1793600,1,8,51,52,859,31912859
2538,398,1793600,3,8,51,53,257,31913257
2539,97,1793600,1,8,51,53,354,31913354
2540,111,1793600,1,8,51,53,465,31913465
2541,329,1793600,3,8,51,53,794,31913794
2542,479,1793700,1,8,51,54,273,31914273
2543,1258,1793600,1,8,51,55,531,31915531
2544,229,1793500,1,8,51,55,760,31915760
2545,317,1793600,3,8,51,56,77,31916077
2546,785,1793600,2,8,51,56,862,31916862
2548,467,1793500,1,8,51,57,329,31917329
2549,1123,1793600,2,8,51,58,452,31918452
2550,4247,1793600,1,8,52,2,699,31922699
2551,350,1793600,2,8,52,3,49,31923049
2552,216,1793600,2,8,52,3,265,31923265
2553,1169,1793500,9,8,52,4,434,31924434
2554,0,1793400,5,8,52,4,434,31924434
2555,8,1793300,5,8,52,4,442,31924442
2556,62,1793200,1,8,52,4,504,31924504
2557,101,1793200,5,8,52,4,605,31924605
2558,0,1793200,7,8,52,4,605,31924605
2559,1,1793200,5,8,52,4,606,31924606
2560,122,1793100,1,8,52,4,728,31924728
2561,0,1793100,1,8,52,4,728,31924728
2562,1,1793100,1,8,52,4,729,31924729
2563,65,1793300,1,8,52,4,794,31924794
2564,5,1793300,1,8,52,4,799,31924799
2565,17,1793100,1,8,52,4,816,31924816
2566,26,1793100,1,8,52,4,842,31924842
2567,27,1793100,8,8,52,4,869,31924869
2568,1,1793100,3,8,52,4,870,31924870
2569,0,1793100,2,8,52,4,870,31924870
2570,2,1793000,3,8,52,4,872,31924872
2571,4,1793000,1,8,52,4,876,31924876
2572,58,1793000,1,8,52,4,934,31924934
2573,2,1793000,1,8,52,4,936,31924936
2574,14,1793000,1,8,52,4,950,31924950
2575,135,1793000,1,8,52,5,85,31925085
2576,388,1793000,3,8,52,5,473,31925473
2577,1,1793000,5,8,52,5,474,31925474
2578,1313,1793000,1,8,52,6,787,31926787
2579,304,1793000,13,8,52,7,91,31927091
2580,212,1793000,1,8,52,7,303,31927303
2581,123,1793000,1,8,52,7,426,31927426
2582,25,1793000,1,8,52,7,451,31927451
2583,209,1793100,1,8,52,7,660,31927660
2584,69,1793100,1,8,52,7,729,31927729
2585,152,1793000,1,8,52,7,881,31927881
2586,175,1793100,3,8,52,8,56,31928056
2587,1079,1793100,1,8,52,9,135,31929135
2588,6,1793100,2,8,52,9,141,31929141
2590,125,1793200,1,8,52,9,266,31929266
2591,96,1793100,1,8,52,9,362,31929362
2592,927,1793100,5,8,52,10,289,31930289
2593,31,1793100,5,8,52,10,320,31930320
2594,182,1793000,1,8,52,10,502,31930502
2595,593,1793000,1,8,52,11,95,31931095
2596,1,1793000,4,8,52,11,96,31931096
2597,766,1792900,1,8,52,11,862,31931862
2598,245,1793000,1,8,52,12,107,31932107
2599,61,1793100,1,8,52,12,168,31932168
2600,94,1793000,1,8,52,12,262,31932262
2601,1220,1793000,1,8,52,13,482,31933482
2602,542,1793100,6,8,52,14,24,31934024
2603,1,1793200,2,8,52,14,25,31934025
2604,115,1793300,1,8,52,14,140,31934140
2605,178,1793400,1,8,52,14,318,31934318
2606,1218,1793300,1,8,52,15,536,31935536
2607,77,1793400,1,8,52,15,613,31935613
2608,650,1793400,1,8,52,16,263,31936263
2609,228,1793300,1,8,52,16,491,31936491
2610,972,1793300,1,8,52,17,463,31937463
2611,242,1793300,1,8,52,17,705,31937705
2612,1866,1793400,1,8,52,19,571,31939571
2613,2161,1793400,1,8,52,21,732,31941732
2614,831,1793500,3,8,52,22,563,31942563
2615,1,1793400,1,8,52,22,564,31942564
2616,133,1793400,1,8,52,22,697,31942697
2617,766,1793300,1,8,52,23,463,31943463
2618,5,1793300,1,8,52,23,468,31943468
2619,58,1793400,1,8,52,23,526,31943526
2621,165,1793400,1,8,52,23,691,31943691
2622,46,1793200,1,8,52,23,737,31943737
2623,264,1793400,1,8,52,24,1,31944001
2624,245,1793300,1,8,52,24,246,31944246
2625,216,1793300,1,8,52,24,462,31944462
2626,583,1793200,1,8,52,25,45,31945045
2627,167,1793200,1,8,52,25,212,31945212
2628,2072,1793300,1,8,52,27,284,31947284
2629,555,1793200,1,8,52,27,839,31947839
2630,150,1793400,1,8,52,27,989,31947989
2631,156,1793300,1,8,52,28,145,31948145
2632,894,1793300,1,8,52,29,39,31949039
2633,70,1793400,1,8,52,29,109,31949109
2634,402,1793200,1,8,52,29,511,31949511
2635,115,1793400,1,8,52,29,626,31949626
2636,1473,1793300,1,8,52,31,99,31951099
2637,190,1793300,1,8,52,31,289,31951289
2638,96,1793300,2,8,52,31,385,31951385
2639,258,1793400,1,8,52,31,643,31951643
2640,1022,1793200,1,8,52,32,665,31952665
2641,91,1793400,1,8,52,32,756,31952756
2642,1195,1793300,1,8,52,33,951,31953951
2643,1814,1793300,1,8,52,35,765,31955765
2644,2277,1793300,1,8,52,38,42,31958042
2645,103,1793200,1,8,52,38,145,31958145
2646,3019,1793200,1,8,52,41,164,31961164
2647,2079,1793300,1,8,52,43,243,31963243
2648,460,1793400,3,8,52,43,703,31963703
2650,2,1793500,2,8,52,43,705,31963705
2651,0,1793500,2,8,52,43,705,31963705
2652,0,1793500,2,8,52,43,705,31963705
2653,3,1793600,4,8,52,43,708,31963708
2654,45,1793700,1,8,52,43,753,31963753
2655,90,1793600,1,8,52,43,843,31963843
2656,63,1793500,1,8,52,43,906,31963906
2657,33,1793700,2,8,52,43,939,31963939
2658,73,1793700,1,8,52,44,12,31964012
2659,176,1793700,1,8,52,44,188,31964188
2660,132,1793700,1,8,52,44,320,31964320
2662,1646,1793600,1,8,52,45,966,31965966
2663,4296,1793800,1,8,52,50,262,31970262
2664,304,1793700,1,8,52,50,566,31970566
2665,12,1793600,1,8,52,50,578,31970578
2666,715,1793800,1,8,52,51,293,31971293
2667,1197,1793700,1,8,52,52,490,31972490
2668,1230,1793600,1,8,52,53,720,31973720
2669,233,1793600,1,8,52,53,953,31973953
2670,77,1793700,1,8,52,54,30,31974030
2671,612,1793800,2,8,52,54,642,31974642
2672,768,1793800,1,8,52,55,410,31975410
2673,861,1793800,6,8,52,56,271,31976271
2674,3922,1793800,1,8,53,0,193,31980193
2675,685,1793700,3,8,53,0,878,31980878
2676,13,1793800,7,8,53,0,891,31980891
2677,274,1793800,1,8,53,1,165,31981165
2678,303,1793800,1,8,53,1,468,31981468
2679,868,1793800,3,8,53,2,336,31982336
2680,499,1793800,1,8,53,2,835,31982835
2681,3,1793900,1,8,53,2,838,31982838
2682,354,1793800,1,8,53,3,192,31983192
2683,5094,1793700,1,8,53,8,286,31988286
2684,1013,1793600,1,8,53,9,299,31989299
2685,353,1793600,1,8,53,9,652,31989652
2686,205,1793500,1,8,53,9,857,31989857
2687,1441,1793500,4,8,53,11,298,31991298
2688,1,1793500,1,8,53,11,299,31991299
2689,0,1793500,1,8,53,11,299,31991299
2690,0,1793500,1,8,53,11,299,31991299
2691,0,1793500,2,8,53,11,299,31991299
2692,0,1793500,20,8,53,11,299,31991299
2693,5,1793400,2,8,53,11,304,31991304
2694,163,1793400,1,8,53,11,467,31991467
2695,328,1793400,1,8,53,11,795,31991795
2696,1251,1793300,1,8,53,13,46,31993046
2697,2006,1793400,1,8,53,15,52,31995052
2698,240,1793300,1,8,53,15,292,31995292
2699,234,1793300,1,8,53,15,526,31995526
2700,1060,1793400,9,8,53,16,586,31996586
2701,128,1793500,6,8,53,16,714,31996714
2702,200,1793400,2,8,53,16,914,31996914
2703,534,1793600,1,8,53,17,448,31997448
2704,285,1793500,1,8,53,17,733,31997733
2705,0,1793500,1,8,53,17,733,31997733
2706,1348,1793600,1,8,53,19,81,31999081
2707,495,1793500,1,8,53,19,576,31999576
2708,1168,1793600,2,8,53,20,744,32000744
2709,213,1793700,2,8,53,20,957,32000957
2710,204,1793700,1,8,53,21,161,32001161
2711,0,1793700,1,8,53,21,161,32001161
2712,1,1793800,3,8,53,21,162,32001162
2713,285,1793800,1,8,53,21,447,32001447
2715,1227,1793900,1,8,53,22,674,32002674
2716,155,1793800,1,8,53,22,829,32002829
2717,283,1793800,1,8,53,23,112,32003112
2718,210,1793800,1,8,53,23,322,32003322
2719,1202,1793800,1,8,53,24,524,32004524
2720,1482,1793800,1,8,53,26,6,32006006
2721,837,1793800,1,8,53,26,843,32006843
2722,130,1793900,3,8,53,26,973,32006973
2723,169,1793900,1,8,53,27,142,32007142
2724,2495,1794000,1,8,53,29,637,32009637
2725,1550,1794000,1,8,53,31,187,32011187
2726,2969,1793900,1,8,53,34,156,32014156
2727,42,1793900,2,8,53,34,198,32014198
2728,1192,1793900,4,8,53,35,390,32015390
2729,2876,1793900,1,8,53,38,266,32018266
2730,1230,1793900,1,8,53,39,496,32019496
2731,1963,1793800,1,8,53,41,459,32021459
2732,822,1793800,2,8,53,42,281,32022281
2734,505,1793800,1,8,53,42,786,32022786
2735,3755,1793900,2,8,53,46,541,32026541
2736,415,1793800,1,8,53,46,956,32026956
2737,2424,1793700,9,8,53,49,380,32029380
2739,1,1793600,1,8,53,49,381,32029381
2740,1,1793700,1,8,53,49,382,32029382
2741,1,1793700,1,8,53,49,383,32029383
2742,413,1793700,1,8,53,49,796,32029796
2743,233,1793800,1,8,53,50,29,32030029
2744,1804,1793700,1,8,53,51,833,32031833
2745,1,1793600,1,8,53,51,834,32031834